--
-- PostgreSQL database dump
--

-- Dumped from database version 16.3
-- Dumped by pg_dump version 16.3

SET statement_timeout = 0;
SET lock_timeout = 0;
SET idle_in_transaction_session_timeout = 0;
SET client_encoding = 'UTF8';
SET standard_conforming_strings = on;
SELECT pg_catalog.set_config('search_path', '', false);
SET check_function_bodies = false;
SET xmloption = content;
SET client_min_messages = warning;
SET row_security = on;

DROP DATABASE IF EXISTS billingapp_test;
--
-- Name: billingapp_test; Type: DATABASE; Schema: -; Owner: postgres
--

CREATE DATABASE billingapp_test WITH TEMPLATE = template0 ENCODING = 'UTF8' LOCALE_PROVIDER = libc LOCALE = 'English_United States.1252';


ALTER DATABASE billingapp_test OWNER TO postgres;

\connect billingapp_test

SET statement_timeout = 0;
SET lock_timeout = 0;
SET idle_in_transaction_session_timeout = 0;
SET client_encoding = 'UTF8';
SET standard_conforming_strings = on;
SELECT pg_catalog.set_config('search_path', '', false);
SET check_function_bodies = false;
SET xmloption = content;
SET client_min_messages = warning;
SET row_security = on;

--
-- Name: public; Type: SCHEMA; Schema: -; Owner: postgres
--

CREATE SCHEMA public;


ALTER SCHEMA public OWNER TO postgres;

--
-- Name: update_updated_at_column(); Type: FUNCTION; Schema: public; Owner: postgres
--

CREATE FUNCTION public.update_updated_at_column() RETURNS trigger
    LANGUAGE plpgsql
    AS '
BEGIN
    NEW.updated_at = CURRENT_TIMESTAMP;
    RETURN NEW;
END;
';


ALTER FUNCTION public.update_updated_at_column() OWNER TO postgres;

SET default_tablespace = '';

SET default_table_access_method = heap;

--
-- Name: auth_group; Type: TABLE; Schema: public; Owner: postgres
--

CREATE TABLE public.auth_group (
    id integer NOT NULL,
    name character varying(150) NOT NULL
);


ALTER TABLE public.auth_group OWNER TO postgres;

--
-- Name: auth_group_id_seq; Type: SEQUENCE; Schema: public; Owner: postgres
--

ALTER TABLE public.auth_group ALTER COLUMN id ADD GENERATED BY DEFAULT AS IDENTITY (
    SEQUENCE NAME public.auth_group_id_seq
    START WITH 1
    INCREMENT BY 1
    NO MINVALUE
    NO MAXVALUE
    CACHE 1
);


--
-- Name: auth_group_permissions; Type: TABLE; Schema: public; Owner: postgres
--

CREATE TABLE public.auth_group_permissions (
    id bigint NOT NULL,
    group_id integer NOT NULL,
    permission_id integer NOT NULL
);


ALTER TABLE public.auth_group_permissions OWNER TO postgres;

--
-- Name: auth_group_permissions_id_seq; Type: SEQUENCE; Schema: public; Owner: postgres
--

ALTER TABLE public.auth_group_permissions ALTER COLUMN id ADD GENERATED BY DEFAULT AS IDENTITY (
    SEQUENCE NAME public.auth_group_permissions_id_seq
    START WITH 1
    INCREMENT BY 1
    NO MINVALUE
    NO MAXVALUE
    CACHE 1
);


--
-- Name: auth_permission; Type: TABLE; Schema: public; Owner: postgres
--

CREATE TABLE public.auth_permission (
    id integer NOT NULL,
    name character varying(255) NOT NULL,
    content_type_id integer NOT NULL,
    codename character varying(100) NOT NULL
);


ALTER TABLE public.auth_permission OWNER TO postgres;

--
-- Name: auth_permission_id_seq; Type: SEQUENCE; Schema: public; Owner: postgres
--

ALTER TABLE public.auth_permission ALTER COLUMN id ADD GENERATED BY DEFAULT AS IDENTITY (
    SEQUENCE NAME public.auth_permission_id_seq
    START WITH 1
    INCREMENT BY 1
    NO MINVALUE
    NO MAXVALUE
    CACHE 1
);


--
-- Name: auth_user; Type: TABLE; Schema: public; Owner: postgres
--

CREATE TABLE public.auth_user (
    id integer NOT NULL,
    password character varying(128) NOT NULL,
    last_login timestamp with time zone,
    is_superuser boolean NOT NULL,
    username character varying(150) NOT NULL,
    first_name character varying(150) NOT NULL,
    last_name character varying(150) NOT NULL,
    email character varying(254) NOT NULL,
    is_staff boolean NOT NULL,
    is_active boolean NOT NULL,
    date_joined timestamp with time zone NOT NULL
);


ALTER TABLE public.auth_user OWNER TO postgres;

--
-- Name: auth_user_groups; Type: TABLE; Schema: public; Owner: postgres
--

CREATE TABLE public.auth_user_groups (
    id bigint NOT NULL,
    user_id integer NOT NULL,
    group_id integer NOT NULL
);


ALTER TABLE public.auth_user_groups OWNER TO postgres;

--
-- Name: auth_user_groups_id_seq; Type: SEQUENCE; Schema: public; Owner: postgres
--

ALTER TABLE public.auth_user_groups ALTER COLUMN id ADD GENERATED BY DEFAULT AS IDENTITY (
    SEQUENCE NAME public.auth_user_groups_id_seq
    START WITH 1
    INCREMENT BY 1
    NO MINVALUE
    NO MAXVALUE
    CACHE 1
);


--
-- Name: auth_user_id_seq; Type: SEQUENCE; Schema: public; Owner: postgres
--

ALTER TABLE public.auth_user ALTER COLUMN id ADD GENERATED BY DEFAULT AS IDENTITY (
    SEQUENCE NAME public.auth_user_id_seq
    START WITH 1
    INCREMENT BY 1
    NO MINVALUE
    NO MAXVALUE
    CACHE 1
);


--
-- Name: auth_user_user_permissions; Type: TABLE; Schema: public; Owner: postgres
--

CREATE TABLE public.auth_user_user_permissions (
    id bigint NOT NULL,
    user_id integer NOT NULL,
    permission_id integer NOT NULL
);


ALTER TABLE public.auth_user_user_permissions OWNER TO postgres;

--
-- Name: auth_user_user_permissions_id_seq; Type: SEQUENCE; Schema: public; Owner: postgres
--

ALTER TABLE public.auth_user_user_permissions ALTER COLUMN id ADD GENERATED BY DEFAULT AS IDENTITY (
    SEQUENCE NAME public.auth_user_user_permissions_id_seq
    START WITH 1
    INCREMENT BY 1
    NO MINVALUE
    NO MAXVALUE
    CACHE 1
);


--
-- Name: billing_customer; Type: TABLE; Schema: public; Owner: postgres
--

CREATE TABLE public.billing_customer (
    customer_id integer NOT NULL,
    company_name character varying(100) NOT NULL,
    legal_business_name character varying(100) NOT NULL,
    email character varying(254),
    phone character varying(20),
    address character varying(200),
    city character varying(50),
    state character varying(50),
    zip character varying(20),
    country character varying(50),
    business_type character varying(50),
    created_at timestamp with time zone NOT NULL,
    updated_at timestamp with time zone NOT NULL
);


ALTER TABLE public.billing_customer OWNER TO postgres;

--
-- Name: billing_customer_customer_id_seq; Type: SEQUENCE; Schema: public; Owner: postgres
--

ALTER TABLE public.billing_customer ALTER COLUMN customer_id ADD GENERATED BY DEFAULT AS IDENTITY (
    SEQUENCE NAME public.billing_customer_customer_id_seq
    START WITH 1
    INCREMENT BY 1
    NO MINVALUE
    NO MAXVALUE
    CACHE 1
);


--
-- Name: billing_customerservice; Type: TABLE; Schema: public; Owner: postgres
--

CREATE TABLE public.billing_customerservice (
    customer_service_id integer NOT NULL,
    unit_price numeric(10,2) NOT NULL,
    created_at timestamp with time zone NOT NULL,
    updated_at timestamp with time zone NOT NULL,
    customer_id integer NOT NULL,
    service_id integer NOT NULL
);


ALTER TABLE public.billing_customerservice OWNER TO postgres;

--
-- Name: billing_customerservice_customer_service_id_seq; Type: SEQUENCE; Schema: public; Owner: postgres
--

ALTER TABLE public.billing_customerservice ALTER COLUMN customer_service_id ADD GENERATED BY DEFAULT AS IDENTITY (
    SEQUENCE NAME public.billing_customerservice_customer_service_id_seq
    START WITH 1
    INCREMENT BY 1
    NO MINVALUE
    NO MAXVALUE
    CACHE 1
);


--
-- Name: billing_insert; Type: TABLE; Schema: public; Owner: postgres
--

CREATE TABLE public.billing_insert (
    insert_id integer NOT NULL,
    sku character varying(100) NOT NULL,
    insert_name character varying(100) NOT NULL,
    insert_quantity integer NOT NULL,
    created_at timestamp with time zone NOT NULL,
    updated_at timestamp with time zone NOT NULL,
    customer_id integer NOT NULL,
    CONSTRAINT billing_insert_insert_quantity_check CHECK ((insert_quantity >= 0)),
    CONSTRAINT insert_quantity_check CHECK ((insert_quantity >= 0))
);


ALTER TABLE public.billing_insert OWNER TO postgres;

--
-- Name: billing_insert_insert_id_seq; Type: SEQUENCE; Schema: public; Owner: postgres
--

ALTER TABLE public.billing_insert ALTER COLUMN insert_id ADD GENERATED BY DEFAULT AS IDENTITY (
    SEQUENCE NAME public.billing_insert_insert_id_seq
    START WITH 1
    INCREMENT BY 1
    NO MINVALUE
    NO MAXVALUE
    CACHE 1
);


--
-- Name: billing_order; Type: TABLE; Schema: public; Owner: postgres
--

CREATE TABLE public.billing_order (
    transaction_id integer NOT NULL,
    create_date timestamp with time zone NOT NULL,
    customer_name character varying(100) NOT NULL,
    close_date timestamp with time zone,
    reference_number character varying(50) NOT NULL,
    ship_to_name character varying(100) NOT NULL,
    ship_to_company character varying(100),
    ship_to_address character varying(200) NOT NULL,
    ship_to_address2 character varying(200),
    ship_to_city character varying(100) NOT NULL,
    ship_to_state character varying(50) NOT NULL,
    ship_to_zip character varying(20) NOT NULL,
    ship_to_country character varying(50) NOT NULL,
    carrier character varying(100),
    total_weight_lb numeric(10,2),
    line_items integer NOT NULL,
    sku_quantity jsonb NOT NULL,
    total_item_qty integer NOT NULL,
    volume_cuft numeric(10,2),
    packages integer NOT NULL,
    markfor_lists text,
    ship_service character varying(100),
    warehouse_instructions text,
    allocation_status character varying(50),
    asn_sent_date timestamp with time zone,
    batch_id character varying(50),
    batch_name character varying(100),
    bill_of_lading character varying(100),
    billing_type character varying(50),
    cancel_date timestamp with time zone,
    confirm_asn_sent_date timestamp with time zone,
    earliest_ship_date timestamp with time zone,
    end_of_day_request_date timestamp with time zone,
    load_number character varying(50),
    load_out_percent numeric(5,2),
    load_out_date timestamp with time zone,
    markfor_name_id character varying(100),
    master_bill_of_lading character varying(100),
    pack_done_date timestamp with time zone,
    parcel_label_type character varying(50),
    pick_done_date timestamp with time zone,
    pick_job_assignee character varying(50),
    pick_job_id character varying(50),
    pick_ticket_print_date timestamp with time zone,
    pickup_date timestamp with time zone,
    purchase_order character varying(100),
    retailer_id character varying(50),
    ship_to_email character varying(100),
    ship_to_phone character varying(20),
    small_parcel_ship_date timestamp with time zone,
    status character varying(50),
    time_zone character varying(50),
    tracking_number character varying(100),
    volume_m3 numeric(10,2),
    warehouse character varying(100),
    total_weight_kg numeric(10,2),
    created_by character varying(50),
    updated_by character varying(50),
    create_source character varying(50),
    updated_at timestamp with time zone NOT NULL,
    customer_id integer NOT NULL,
    CONSTRAINT orders_line_items_check CHECK ((line_items >= 0)),
    CONSTRAINT orders_load_out_percent_check CHECK (((load_out_percent >= (0)::numeric) AND (load_out_percent <= (100)::numeric))),
    CONSTRAINT orders_packages_check CHECK ((packages >= 0)),
    CONSTRAINT orders_total_item_qty_check CHECK ((total_item_qty >= 0)),
    CONSTRAINT orders_total_weight_kg_check CHECK ((total_weight_kg >= (0)::numeric)),
    CONSTRAINT orders_total_weight_lb_check CHECK ((total_weight_lb >= (0)::numeric)),
    CONSTRAINT orders_volume_cuft_check CHECK ((volume_cuft >= (0)::numeric)),
    CONSTRAINT orders_volume_m3_check CHECK ((volume_m3 >= (0)::numeric))
);


ALTER TABLE public.billing_order OWNER TO postgres;

--
-- Name: billing_product; Type: TABLE; Schema: public; Owner: postgres
--

CREATE TABLE public.billing_product (
    id bigint NOT NULL,
    sku character varying(100) NOT NULL,
    labeling_unit_1 character varying(50),
    labeling_quantity_1 integer,
    labeling_unit_2 character varying(50),
    labeling_quantity_2 integer,
    labeling_unit_3 character varying(50),
    labeling_quantity_3 integer,
    labeling_unit_4 character varying(50),
    labeling_quantity_4 integer,
    labeling_unit_5 character varying(50),
    labeling_quantity_5 integer,
    created_at timestamp with time zone NOT NULL,
    updated_at timestamp with time zone NOT NULL,
    customer_id integer NOT NULL,
    CONSTRAINT billing_product_labeling_quantity_1_check CHECK ((labeling_quantity_1 >= 0)),
    CONSTRAINT billing_product_labeling_quantity_2_check CHECK ((labeling_quantity_2 >= 0)),
    CONSTRAINT billing_product_labeling_quantity_3_check CHECK ((labeling_quantity_3 >= 0)),
    CONSTRAINT billing_product_labeling_quantity_4_check CHECK ((labeling_quantity_4 >= 0)),
    CONSTRAINT billing_product_labeling_quantity_5_check CHECK ((labeling_quantity_5 >= 0)),
    CONSTRAINT products_label_qty_1_check CHECK ((labeling_quantity_1 >= 0)),
    CONSTRAINT products_label_qty_2_check CHECK ((labeling_quantity_2 >= 0)),
    CONSTRAINT products_label_qty_3_check CHECK ((labeling_quantity_3 >= 0)),
    CONSTRAINT products_label_qty_4_check CHECK ((labeling_quantity_4 >= 0)),
    CONSTRAINT products_label_qty_5_check CHECK ((labeling_quantity_5 >= 0))
);


ALTER TABLE public.billing_product OWNER TO postgres;

--
-- Name: billing_product_id_seq; Type: SEQUENCE; Schema: public; Owner: postgres
--

ALTER TABLE public.billing_product ALTER COLUMN id ADD GENERATED BY DEFAULT AS IDENTITY (
    SEQUENCE NAME public.billing_product_id_seq
    START WITH 1
    INCREMENT BY 1
    NO MINVALUE
    NO MAXVALUE
    CACHE 1
);


--
-- Name: billing_service; Type: TABLE; Schema: public; Owner: postgres
--

CREATE TABLE public.billing_service (
    service_id integer NOT NULL,
    service_name character varying(100) NOT NULL,
    description text,
    created_at timestamp with time zone NOT NULL,
    updated_at timestamp with time zone NOT NULL
);


ALTER TABLE public.billing_service OWNER TO postgres;

--
-- Name: billing_service_service_id_seq; Type: SEQUENCE; Schema: public; Owner: postgres
--

ALTER TABLE public.billing_service ALTER COLUMN service_id ADD GENERATED BY DEFAULT AS IDENTITY (
    SEQUENCE NAME public.billing_service_service_id_seq
    START WITH 1
    INCREMENT BY 1
    NO MINVALUE
    NO MAXVALUE
    CACHE 1
);


--
-- Name: billing_servicelog; Type: TABLE; Schema: public; Owner: postgres
--

CREATE TABLE public.billing_servicelog (
    log_id integer NOT NULL,
    sku character varying(100) NOT NULL,
    quantity integer NOT NULL,
    total_cost numeric(10,2) NOT NULL,
    performed_at timestamp with time zone NOT NULL,
    created_at timestamp with time zone NOT NULL,
    updated_at timestamp with time zone NOT NULL,
    customer_id integer NOT NULL,
    service_id integer NOT NULL,
    CONSTRAINT billing_servicelog_quantity_check CHECK ((quantity >= 0)),
    CONSTRAINT svc_logs_qty_check CHECK ((quantity >= 0))
);


ALTER TABLE public.billing_servicelog OWNER TO postgres;

--
-- Name: billing_servicelog_log_id_seq; Type: SEQUENCE; Schema: public; Owner: postgres
--

ALTER TABLE public.billing_servicelog ALTER COLUMN log_id ADD GENERATED BY DEFAULT AS IDENTITY (
    SEQUENCE NAME public.billing_servicelog_log_id_seq
    START WITH 1
    INCREMENT BY 1
    NO MINVALUE
    NO MAXVALUE
    CACHE 1
);


--
-- Name: customer_services; Type: TABLE; Schema: public; Owner: postgres
--

CREATE TABLE public.customer_services (
    customer_service_id integer NOT NULL,
    customer_id integer NOT NULL,
    service_id integer NOT NULL,
    unit_price numeric(10,2) NOT NULL,
    created_at timestamp without time zone DEFAULT CURRENT_TIMESTAMP,
    updated_at timestamp without time zone DEFAULT CURRENT_TIMESTAMP
);


ALTER TABLE public.customer_services OWNER TO postgres;

--
-- Name: customer_services_customer_service_id_seq; Type: SEQUENCE; Schema: public; Owner: postgres
--

CREATE SEQUENCE public.customer_services_customer_service_id_seq
    AS integer
    START WITH 1
    INCREMENT BY 1
    NO MINVALUE
    NO MAXVALUE
    CACHE 1;


ALTER SEQUENCE public.customer_services_customer_service_id_seq OWNER TO postgres;

--
-- Name: customer_services_customer_service_id_seq; Type: SEQUENCE OWNED BY; Schema: public; Owner: postgres
--

ALTER SEQUENCE public.customer_services_customer_service_id_seq OWNED BY public.customer_services.customer_service_id;


--
-- Name: customers; Type: TABLE; Schema: public; Owner: postgres
--

CREATE TABLE public.customers (
    customer_id integer NOT NULL,
    company_name character varying(100) NOT NULL,
    legal_business_name character varying(100) NOT NULL,
    email character varying(100),
    phone character varying(20),
    address character varying(200),
    city character varying(50),
    state character varying(50),
    zip character varying(20),
    country character varying(50),
    business_type character varying(50),
    created_at timestamp without time zone DEFAULT CURRENT_TIMESTAMP,
    updated_at timestamp without time zone DEFAULT CURRENT_TIMESTAMP
);


ALTER TABLE public.customers OWNER TO postgres;

--
-- Name: customers_customer_id_seq; Type: SEQUENCE; Schema: public; Owner: postgres
--

CREATE SEQUENCE public.customers_customer_id_seq
    START WITH 1
    INCREMENT BY 1
    NO MINVALUE
    NO MAXVALUE
    CACHE 1;


ALTER SEQUENCE public.customers_customer_id_seq OWNER TO postgres;

--
-- Name: customers_customer_id_seq1; Type: SEQUENCE; Schema: public; Owner: postgres
--

CREATE SEQUENCE public.customers_customer_id_seq1
    AS integer
    START WITH 1
    INCREMENT BY 1
    NO MINVALUE
    NO MAXVALUE
    CACHE 1;


ALTER SEQUENCE public.customers_customer_id_seq1 OWNER TO postgres;

--
-- Name: customers_customer_id_seq1; Type: SEQUENCE OWNED BY; Schema: public; Owner: postgres
--

ALTER SEQUENCE public.customers_customer_id_seq1 OWNED BY public.customers.customer_id;


--
-- Name: django_admin_log; Type: TABLE; Schema: public; Owner: postgres
--

CREATE TABLE public.django_admin_log (
    id integer NOT NULL,
    action_time timestamp with time zone NOT NULL,
    object_id text,
    object_repr character varying(200) NOT NULL,
    action_flag smallint NOT NULL,
    change_message text NOT NULL,
    content_type_id integer,
    user_id integer NOT NULL,
    CONSTRAINT django_admin_log_action_flag_check CHECK ((action_flag >= 0))
);


ALTER TABLE public.django_admin_log OWNER TO postgres;

--
-- Name: django_admin_log_id_seq; Type: SEQUENCE; Schema: public; Owner: postgres
--

ALTER TABLE public.django_admin_log ALTER COLUMN id ADD GENERATED BY DEFAULT AS IDENTITY (
    SEQUENCE NAME public.django_admin_log_id_seq
    START WITH 1
    INCREMENT BY 1
    NO MINVALUE
    NO MAXVALUE
    CACHE 1
);


--
-- Name: django_content_type; Type: TABLE; Schema: public; Owner: postgres
--

CREATE TABLE public.django_content_type (
    id integer NOT NULL,
    app_label character varying(100) NOT NULL,
    model character varying(100) NOT NULL
);


ALTER TABLE public.django_content_type OWNER TO postgres;

--
-- Name: django_content_type_id_seq; Type: SEQUENCE; Schema: public; Owner: postgres
--

ALTER TABLE public.django_content_type ALTER COLUMN id ADD GENERATED BY DEFAULT AS IDENTITY (
    SEQUENCE NAME public.django_content_type_id_seq
    START WITH 1
    INCREMENT BY 1
    NO MINVALUE
    NO MAXVALUE
    CACHE 1
);


--
-- Name: django_migrations; Type: TABLE; Schema: public; Owner: postgres
--

CREATE TABLE public.django_migrations (
    id bigint NOT NULL,
    app character varying(255) NOT NULL,
    name character varying(255) NOT NULL,
    applied timestamp with time zone NOT NULL
);


ALTER TABLE public.django_migrations OWNER TO postgres;

--
-- Name: django_migrations_id_seq; Type: SEQUENCE; Schema: public; Owner: postgres
--

ALTER TABLE public.django_migrations ALTER COLUMN id ADD GENERATED BY DEFAULT AS IDENTITY (
    SEQUENCE NAME public.django_migrations_id_seq
    START WITH 1
    INCREMENT BY 1
    NO MINVALUE
    NO MAXVALUE
    CACHE 1
);


--
-- Name: django_session; Type: TABLE; Schema: public; Owner: postgres
--

CREATE TABLE public.django_session (
    session_key character varying(40) NOT NULL,
    session_data text NOT NULL,
    expire_date timestamp with time zone NOT NULL
);


ALTER TABLE public.django_session OWNER TO postgres;

--
-- Name: inserts; Type: TABLE; Schema: public; Owner: postgres
--

CREATE TABLE public.inserts (
    insert_id integer NOT NULL,
    sku character varying(100),
    customer_id integer,
    insert_name character varying(100) NOT NULL,
    insert_quantity integer,
    created_at timestamp without time zone DEFAULT CURRENT_TIMESTAMP,
    updated_at timestamp without time zone DEFAULT CURRENT_TIMESTAMP,
    CONSTRAINT inserts_insert_quantity_check CHECK ((insert_quantity >= 0))
);


ALTER TABLE public.inserts OWNER TO postgres;

--
-- Name: inserts_insert_id_seq; Type: SEQUENCE; Schema: public; Owner: postgres
--

CREATE SEQUENCE public.inserts_insert_id_seq
    AS integer
    START WITH 1
    INCREMENT BY 1
    NO MINVALUE
    NO MAXVALUE
    CACHE 1;


ALTER SEQUENCE public.inserts_insert_id_seq OWNER TO postgres;

--
-- Name: inserts_insert_id_seq; Type: SEQUENCE OWNED BY; Schema: public; Owner: postgres
--

ALTER SEQUENCE public.inserts_insert_id_seq OWNED BY public.inserts.insert_id;


--
-- Name: orders; Type: TABLE; Schema: public; Owner: postgres
--

CREATE TABLE public.orders (
    transaction_id integer NOT NULL,
    create_date timestamp without time zone NOT NULL,
    customer_id integer NOT NULL,
    customer_name character varying(100) NOT NULL,
    close_date timestamp without time zone,
    reference_number character varying(50) NOT NULL,
    ship_to_name character varying(100) NOT NULL,
    ship_to_company character varying(100),
    ship_to_address character varying(200) NOT NULL,
    ship_to_address2 character varying(200),
    ship_to_city character varying(100) NOT NULL,
    ship_to_state character varying(50) NOT NULL,
    ship_to_zip character varying(20) NOT NULL,
    ship_to_country character varying(50) NOT NULL,
    carrier character varying(100),
    total_weight_lb numeric(10,2),
    line_items integer,
    sku_quantity jsonb,
    total_item_qty integer,
    volume_cuft numeric(10,2),
    packages integer,
    markfor_lists text,
    ship_service character varying(100),
    warehouse_instructions text,
    allocation_status character varying(50),
    asn_sent_date timestamp without time zone,
    batch_id character varying(50),
    batch_name character varying(100),
    bill_of_lading character varying(100),
    billing_type character varying(50),
    cancel_date timestamp without time zone,
    confirm_asn_sent_date timestamp without time zone,
    earliest_ship_date timestamp without time zone,
    end_of_day_request_date timestamp without time zone,
    load_number character varying(50),
    load_out_percent numeric(5,2),
    load_out_date timestamp without time zone,
    markfor_name_id character varying(100),
    master_bill_of_lading character varying(100),
    pack_done_date timestamp without time zone,
    parcel_label_type character varying(50),
    pick_done_date timestamp without time zone,
    pick_job_assignee character varying(50),
    pick_job_id character varying(50),
    pick_ticket_print_date timestamp without time zone,
    pickup_date timestamp without time zone,
    purchase_order character varying(100),
    retailer_id character varying(50),
    ship_to_email character varying(100),
    ship_to_phone character varying(20),
    small_parcel_ship_date timestamp without time zone,
    status character varying(50),
    time_zone character varying(50),
    tracking_number character varying(100),
    volume_m3 numeric(10,2),
    warehouse character varying(100),
    total_weight_kg numeric(10,2),
    created_by character varying(50),
    updated_by character varying(50),
    create_source character varying(50),
    updated_at timestamp without time zone DEFAULT CURRENT_TIMESTAMP,
    CONSTRAINT orders_line_items_check CHECK ((line_items >= 0)),
    CONSTRAINT orders_load_out_percent_check CHECK (((load_out_percent >= (0)::numeric) AND (load_out_percent <= (100)::numeric))),
    CONSTRAINT orders_packages_check CHECK ((packages >= 0)),
    CONSTRAINT orders_total_item_qty_check CHECK ((total_item_qty >= 0)),
    CONSTRAINT orders_total_weight_kg_check CHECK ((total_weight_kg >= (0)::numeric)),
    CONSTRAINT orders_total_weight_lb_check CHECK ((total_weight_lb >= (0)::numeric)),
    CONSTRAINT orders_volume_cuft_check CHECK ((volume_cuft >= (0)::numeric)),
    CONSTRAINT orders_volume_m3_check CHECK ((volume_m3 >= (0)::numeric))
);


ALTER TABLE public.orders OWNER TO postgres;

--
-- Name: products; Type: TABLE; Schema: public; Owner: postgres
--

CREATE TABLE public.products (
    sku character varying(100) NOT NULL,
    customer_id integer NOT NULL,
    labeling_unit_1 character varying(50),
    labeling_quantity_1 integer,
    labeling_unit_2 character varying(50),
    labeling_quantity_2 integer,
    labeling_unit_3 character varying(50),
    labeling_quantity_3 integer,
    labeling_unit_4 character varying(50),
    labeling_quantity_4 integer,
    labeling_unit_5 character varying(50),
    labeling_quantity_5 integer,
    created_at timestamp without time zone DEFAULT CURRENT_TIMESTAMP,
    updated_at timestamp without time zone DEFAULT CURRENT_TIMESTAMP,
    CONSTRAINT products_labeling_quantity_1_check CHECK ((labeling_quantity_1 >= 0)),
    CONSTRAINT products_labeling_quantity_2_check CHECK ((labeling_quantity_2 >= 0)),
    CONSTRAINT products_labeling_quantity_3_check CHECK ((labeling_quantity_3 >= 0)),
    CONSTRAINT products_labeling_quantity_4_check CHECK ((labeling_quantity_4 >= 0)),
    CONSTRAINT products_labeling_quantity_5_check CHECK ((labeling_quantity_5 >= 0))
)
PARTITION BY HASH (customer_id);


ALTER TABLE public.products OWNER TO postgres;

--
-- Name: products_partition_0; Type: TABLE; Schema: public; Owner: postgres
--

CREATE TABLE public.products_partition_0 (
    sku character varying(100) NOT NULL,
    customer_id integer NOT NULL,
    labeling_unit_1 character varying(50),
    labeling_quantity_1 integer,
    labeling_unit_2 character varying(50),
    labeling_quantity_2 integer,
    labeling_unit_3 character varying(50),
    labeling_quantity_3 integer,
    labeling_unit_4 character varying(50),
    labeling_quantity_4 integer,
    labeling_unit_5 character varying(50),
    labeling_quantity_5 integer,
    created_at timestamp without time zone DEFAULT CURRENT_TIMESTAMP,
    updated_at timestamp without time zone DEFAULT CURRENT_TIMESTAMP,
    CONSTRAINT products_labeling_quantity_1_check CHECK ((labeling_quantity_1 >= 0)),
    CONSTRAINT products_labeling_quantity_2_check CHECK ((labeling_quantity_2 >= 0)),
    CONSTRAINT products_labeling_quantity_3_check CHECK ((labeling_quantity_3 >= 0)),
    CONSTRAINT products_labeling_quantity_4_check CHECK ((labeling_quantity_4 >= 0)),
    CONSTRAINT products_labeling_quantity_5_check CHECK ((labeling_quantity_5 >= 0))
);


ALTER TABLE public.products_partition_0 OWNER TO postgres;

--
-- Name: products_partition_1; Type: TABLE; Schema: public; Owner: postgres
--

CREATE TABLE public.products_partition_1 (
    sku character varying(100) NOT NULL,
    customer_id integer NOT NULL,
    labeling_unit_1 character varying(50),
    labeling_quantity_1 integer,
    labeling_unit_2 character varying(50),
    labeling_quantity_2 integer,
    labeling_unit_3 character varying(50),
    labeling_quantity_3 integer,
    labeling_unit_4 character varying(50),
    labeling_quantity_4 integer,
    labeling_unit_5 character varying(50),
    labeling_quantity_5 integer,
    created_at timestamp without time zone DEFAULT CURRENT_TIMESTAMP,
    updated_at timestamp without time zone DEFAULT CURRENT_TIMESTAMP,
    CONSTRAINT products_labeling_quantity_1_check CHECK ((labeling_quantity_1 >= 0)),
    CONSTRAINT products_labeling_quantity_2_check CHECK ((labeling_quantity_2 >= 0)),
    CONSTRAINT products_labeling_quantity_3_check CHECK ((labeling_quantity_3 >= 0)),
    CONSTRAINT products_labeling_quantity_4_check CHECK ((labeling_quantity_4 >= 0)),
    CONSTRAINT products_labeling_quantity_5_check CHECK ((labeling_quantity_5 >= 0))
);


ALTER TABLE public.products_partition_1 OWNER TO postgres;

--
-- Name: products_partition_10; Type: TABLE; Schema: public; Owner: postgres
--

CREATE TABLE public.products_partition_10 (
    sku character varying(100) NOT NULL,
    customer_id integer NOT NULL,
    labeling_unit_1 character varying(50),
    labeling_quantity_1 integer,
    labeling_unit_2 character varying(50),
    labeling_quantity_2 integer,
    labeling_unit_3 character varying(50),
    labeling_quantity_3 integer,
    labeling_unit_4 character varying(50),
    labeling_quantity_4 integer,
    labeling_unit_5 character varying(50),
    labeling_quantity_5 integer,
    created_at timestamp without time zone DEFAULT CURRENT_TIMESTAMP,
    updated_at timestamp without time zone DEFAULT CURRENT_TIMESTAMP,
    CONSTRAINT products_labeling_quantity_1_check CHECK ((labeling_quantity_1 >= 0)),
    CONSTRAINT products_labeling_quantity_2_check CHECK ((labeling_quantity_2 >= 0)),
    CONSTRAINT products_labeling_quantity_3_check CHECK ((labeling_quantity_3 >= 0)),
    CONSTRAINT products_labeling_quantity_4_check CHECK ((labeling_quantity_4 >= 0)),
    CONSTRAINT products_labeling_quantity_5_check CHECK ((labeling_quantity_5 >= 0))
);


ALTER TABLE public.products_partition_10 OWNER TO postgres;

--
-- Name: products_partition_11; Type: TABLE; Schema: public; Owner: postgres
--

CREATE TABLE public.products_partition_11 (
    sku character varying(100) NOT NULL,
    customer_id integer NOT NULL,
    labeling_unit_1 character varying(50),
    labeling_quantity_1 integer,
    labeling_unit_2 character varying(50),
    labeling_quantity_2 integer,
    labeling_unit_3 character varying(50),
    labeling_quantity_3 integer,
    labeling_unit_4 character varying(50),
    labeling_quantity_4 integer,
    labeling_unit_5 character varying(50),
    labeling_quantity_5 integer,
    created_at timestamp without time zone DEFAULT CURRENT_TIMESTAMP,
    updated_at timestamp without time zone DEFAULT CURRENT_TIMESTAMP,
    CONSTRAINT products_labeling_quantity_1_check CHECK ((labeling_quantity_1 >= 0)),
    CONSTRAINT products_labeling_quantity_2_check CHECK ((labeling_quantity_2 >= 0)),
    CONSTRAINT products_labeling_quantity_3_check CHECK ((labeling_quantity_3 >= 0)),
    CONSTRAINT products_labeling_quantity_4_check CHECK ((labeling_quantity_4 >= 0)),
    CONSTRAINT products_labeling_quantity_5_check CHECK ((labeling_quantity_5 >= 0))
);


ALTER TABLE public.products_partition_11 OWNER TO postgres;

--
-- Name: products_partition_12; Type: TABLE; Schema: public; Owner: postgres
--

CREATE TABLE public.products_partition_12 (
    sku character varying(100) NOT NULL,
    customer_id integer NOT NULL,
    labeling_unit_1 character varying(50),
    labeling_quantity_1 integer,
    labeling_unit_2 character varying(50),
    labeling_quantity_2 integer,
    labeling_unit_3 character varying(50),
    labeling_quantity_3 integer,
    labeling_unit_4 character varying(50),
    labeling_quantity_4 integer,
    labeling_unit_5 character varying(50),
    labeling_quantity_5 integer,
    created_at timestamp without time zone DEFAULT CURRENT_TIMESTAMP,
    updated_at timestamp without time zone DEFAULT CURRENT_TIMESTAMP,
    CONSTRAINT products_labeling_quantity_1_check CHECK ((labeling_quantity_1 >= 0)),
    CONSTRAINT products_labeling_quantity_2_check CHECK ((labeling_quantity_2 >= 0)),
    CONSTRAINT products_labeling_quantity_3_check CHECK ((labeling_quantity_3 >= 0)),
    CONSTRAINT products_labeling_quantity_4_check CHECK ((labeling_quantity_4 >= 0)),
    CONSTRAINT products_labeling_quantity_5_check CHECK ((labeling_quantity_5 >= 0))
);


ALTER TABLE public.products_partition_12 OWNER TO postgres;

--
-- Name: products_partition_13; Type: TABLE; Schema: public; Owner: postgres
--

CREATE TABLE public.products_partition_13 (
    sku character varying(100) NOT NULL,
    customer_id integer NOT NULL,
    labeling_unit_1 character varying(50),
    labeling_quantity_1 integer,
    labeling_unit_2 character varying(50),
    labeling_quantity_2 integer,
    labeling_unit_3 character varying(50),
    labeling_quantity_3 integer,
    labeling_unit_4 character varying(50),
    labeling_quantity_4 integer,
    labeling_unit_5 character varying(50),
    labeling_quantity_5 integer,
    created_at timestamp without time zone DEFAULT CURRENT_TIMESTAMP,
    updated_at timestamp without time zone DEFAULT CURRENT_TIMESTAMP,
    CONSTRAINT products_labeling_quantity_1_check CHECK ((labeling_quantity_1 >= 0)),
    CONSTRAINT products_labeling_quantity_2_check CHECK ((labeling_quantity_2 >= 0)),
    CONSTRAINT products_labeling_quantity_3_check CHECK ((labeling_quantity_3 >= 0)),
    CONSTRAINT products_labeling_quantity_4_check CHECK ((labeling_quantity_4 >= 0)),
    CONSTRAINT products_labeling_quantity_5_check CHECK ((labeling_quantity_5 >= 0))
);


ALTER TABLE public.products_partition_13 OWNER TO postgres;

--
-- Name: products_partition_14; Type: TABLE; Schema: public; Owner: postgres
--

CREATE TABLE public.products_partition_14 (
    sku character varying(100) NOT NULL,
    customer_id integer NOT NULL,
    labeling_unit_1 character varying(50),
    labeling_quantity_1 integer,
    labeling_unit_2 character varying(50),
    labeling_quantity_2 integer,
    labeling_unit_3 character varying(50),
    labeling_quantity_3 integer,
    labeling_unit_4 character varying(50),
    labeling_quantity_4 integer,
    labeling_unit_5 character varying(50),
    labeling_quantity_5 integer,
    created_at timestamp without time zone DEFAULT CURRENT_TIMESTAMP,
    updated_at timestamp without time zone DEFAULT CURRENT_TIMESTAMP,
    CONSTRAINT products_labeling_quantity_1_check CHECK ((labeling_quantity_1 >= 0)),
    CONSTRAINT products_labeling_quantity_2_check CHECK ((labeling_quantity_2 >= 0)),
    CONSTRAINT products_labeling_quantity_3_check CHECK ((labeling_quantity_3 >= 0)),
    CONSTRAINT products_labeling_quantity_4_check CHECK ((labeling_quantity_4 >= 0)),
    CONSTRAINT products_labeling_quantity_5_check CHECK ((labeling_quantity_5 >= 0))
);


ALTER TABLE public.products_partition_14 OWNER TO postgres;

--
-- Name: products_partition_15; Type: TABLE; Schema: public; Owner: postgres
--

CREATE TABLE public.products_partition_15 (
    sku character varying(100) NOT NULL,
    customer_id integer NOT NULL,
    labeling_unit_1 character varying(50),
    labeling_quantity_1 integer,
    labeling_unit_2 character varying(50),
    labeling_quantity_2 integer,
    labeling_unit_3 character varying(50),
    labeling_quantity_3 integer,
    labeling_unit_4 character varying(50),
    labeling_quantity_4 integer,
    labeling_unit_5 character varying(50),
    labeling_quantity_5 integer,
    created_at timestamp without time zone DEFAULT CURRENT_TIMESTAMP,
    updated_at timestamp without time zone DEFAULT CURRENT_TIMESTAMP,
    CONSTRAINT products_labeling_quantity_1_check CHECK ((labeling_quantity_1 >= 0)),
    CONSTRAINT products_labeling_quantity_2_check CHECK ((labeling_quantity_2 >= 0)),
    CONSTRAINT products_labeling_quantity_3_check CHECK ((labeling_quantity_3 >= 0)),
    CONSTRAINT products_labeling_quantity_4_check CHECK ((labeling_quantity_4 >= 0)),
    CONSTRAINT products_labeling_quantity_5_check CHECK ((labeling_quantity_5 >= 0))
);


ALTER TABLE public.products_partition_15 OWNER TO postgres;

--
-- Name: products_partition_16; Type: TABLE; Schema: public; Owner: postgres
--

CREATE TABLE public.products_partition_16 (
    sku character varying(100) NOT NULL,
    customer_id integer NOT NULL,
    labeling_unit_1 character varying(50),
    labeling_quantity_1 integer,
    labeling_unit_2 character varying(50),
    labeling_quantity_2 integer,
    labeling_unit_3 character varying(50),
    labeling_quantity_3 integer,
    labeling_unit_4 character varying(50),
    labeling_quantity_4 integer,
    labeling_unit_5 character varying(50),
    labeling_quantity_5 integer,
    created_at timestamp without time zone DEFAULT CURRENT_TIMESTAMP,
    updated_at timestamp without time zone DEFAULT CURRENT_TIMESTAMP,
    CONSTRAINT products_labeling_quantity_1_check CHECK ((labeling_quantity_1 >= 0)),
    CONSTRAINT products_labeling_quantity_2_check CHECK ((labeling_quantity_2 >= 0)),
    CONSTRAINT products_labeling_quantity_3_check CHECK ((labeling_quantity_3 >= 0)),
    CONSTRAINT products_labeling_quantity_4_check CHECK ((labeling_quantity_4 >= 0)),
    CONSTRAINT products_labeling_quantity_5_check CHECK ((labeling_quantity_5 >= 0))
);


ALTER TABLE public.products_partition_16 OWNER TO postgres;

--
-- Name: products_partition_17; Type: TABLE; Schema: public; Owner: postgres
--

CREATE TABLE public.products_partition_17 (
    sku character varying(100) NOT NULL,
    customer_id integer NOT NULL,
    labeling_unit_1 character varying(50),
    labeling_quantity_1 integer,
    labeling_unit_2 character varying(50),
    labeling_quantity_2 integer,
    labeling_unit_3 character varying(50),
    labeling_quantity_3 integer,
    labeling_unit_4 character varying(50),
    labeling_quantity_4 integer,
    labeling_unit_5 character varying(50),
    labeling_quantity_5 integer,
    created_at timestamp without time zone DEFAULT CURRENT_TIMESTAMP,
    updated_at timestamp without time zone DEFAULT CURRENT_TIMESTAMP,
    CONSTRAINT products_labeling_quantity_1_check CHECK ((labeling_quantity_1 >= 0)),
    CONSTRAINT products_labeling_quantity_2_check CHECK ((labeling_quantity_2 >= 0)),
    CONSTRAINT products_labeling_quantity_3_check CHECK ((labeling_quantity_3 >= 0)),
    CONSTRAINT products_labeling_quantity_4_check CHECK ((labeling_quantity_4 >= 0)),
    CONSTRAINT products_labeling_quantity_5_check CHECK ((labeling_quantity_5 >= 0))
);


ALTER TABLE public.products_partition_17 OWNER TO postgres;

--
-- Name: products_partition_18; Type: TABLE; Schema: public; Owner: postgres
--

CREATE TABLE public.products_partition_18 (
    sku character varying(100) NOT NULL,
    customer_id integer NOT NULL,
    labeling_unit_1 character varying(50),
    labeling_quantity_1 integer,
    labeling_unit_2 character varying(50),
    labeling_quantity_2 integer,
    labeling_unit_3 character varying(50),
    labeling_quantity_3 integer,
    labeling_unit_4 character varying(50),
    labeling_quantity_4 integer,
    labeling_unit_5 character varying(50),
    labeling_quantity_5 integer,
    created_at timestamp without time zone DEFAULT CURRENT_TIMESTAMP,
    updated_at timestamp without time zone DEFAULT CURRENT_TIMESTAMP,
    CONSTRAINT products_labeling_quantity_1_check CHECK ((labeling_quantity_1 >= 0)),
    CONSTRAINT products_labeling_quantity_2_check CHECK ((labeling_quantity_2 >= 0)),
    CONSTRAINT products_labeling_quantity_3_check CHECK ((labeling_quantity_3 >= 0)),
    CONSTRAINT products_labeling_quantity_4_check CHECK ((labeling_quantity_4 >= 0)),
    CONSTRAINT products_labeling_quantity_5_check CHECK ((labeling_quantity_5 >= 0))
);


ALTER TABLE public.products_partition_18 OWNER TO postgres;

--
-- Name: products_partition_19; Type: TABLE; Schema: public; Owner: postgres
--

CREATE TABLE public.products_partition_19 (
    sku character varying(100) NOT NULL,
    customer_id integer NOT NULL,
    labeling_unit_1 character varying(50),
    labeling_quantity_1 integer,
    labeling_unit_2 character varying(50),
    labeling_quantity_2 integer,
    labeling_unit_3 character varying(50),
    labeling_quantity_3 integer,
    labeling_unit_4 character varying(50),
    labeling_quantity_4 integer,
    labeling_unit_5 character varying(50),
    labeling_quantity_5 integer,
    created_at timestamp without time zone DEFAULT CURRENT_TIMESTAMP,
    updated_at timestamp without time zone DEFAULT CURRENT_TIMESTAMP,
    CONSTRAINT products_labeling_quantity_1_check CHECK ((labeling_quantity_1 >= 0)),
    CONSTRAINT products_labeling_quantity_2_check CHECK ((labeling_quantity_2 >= 0)),
    CONSTRAINT products_labeling_quantity_3_check CHECK ((labeling_quantity_3 >= 0)),
    CONSTRAINT products_labeling_quantity_4_check CHECK ((labeling_quantity_4 >= 0)),
    CONSTRAINT products_labeling_quantity_5_check CHECK ((labeling_quantity_5 >= 0))
);


ALTER TABLE public.products_partition_19 OWNER TO postgres;

--
-- Name: products_partition_2; Type: TABLE; Schema: public; Owner: postgres
--

CREATE TABLE public.products_partition_2 (
    sku character varying(100) NOT NULL,
    customer_id integer NOT NULL,
    labeling_unit_1 character varying(50),
    labeling_quantity_1 integer,
    labeling_unit_2 character varying(50),
    labeling_quantity_2 integer,
    labeling_unit_3 character varying(50),
    labeling_quantity_3 integer,
    labeling_unit_4 character varying(50),
    labeling_quantity_4 integer,
    labeling_unit_5 character varying(50),
    labeling_quantity_5 integer,
    created_at timestamp without time zone DEFAULT CURRENT_TIMESTAMP,
    updated_at timestamp without time zone DEFAULT CURRENT_TIMESTAMP,
    CONSTRAINT products_labeling_quantity_1_check CHECK ((labeling_quantity_1 >= 0)),
    CONSTRAINT products_labeling_quantity_2_check CHECK ((labeling_quantity_2 >= 0)),
    CONSTRAINT products_labeling_quantity_3_check CHECK ((labeling_quantity_3 >= 0)),
    CONSTRAINT products_labeling_quantity_4_check CHECK ((labeling_quantity_4 >= 0)),
    CONSTRAINT products_labeling_quantity_5_check CHECK ((labeling_quantity_5 >= 0))
);


ALTER TABLE public.products_partition_2 OWNER TO postgres;

--
-- Name: products_partition_3; Type: TABLE; Schema: public; Owner: postgres
--

CREATE TABLE public.products_partition_3 (
    sku character varying(100) NOT NULL,
    customer_id integer NOT NULL,
    labeling_unit_1 character varying(50),
    labeling_quantity_1 integer,
    labeling_unit_2 character varying(50),
    labeling_quantity_2 integer,
    labeling_unit_3 character varying(50),
    labeling_quantity_3 integer,
    labeling_unit_4 character varying(50),
    labeling_quantity_4 integer,
    labeling_unit_5 character varying(50),
    labeling_quantity_5 integer,
    created_at timestamp without time zone DEFAULT CURRENT_TIMESTAMP,
    updated_at timestamp without time zone DEFAULT CURRENT_TIMESTAMP,
    CONSTRAINT products_labeling_quantity_1_check CHECK ((labeling_quantity_1 >= 0)),
    CONSTRAINT products_labeling_quantity_2_check CHECK ((labeling_quantity_2 >= 0)),
    CONSTRAINT products_labeling_quantity_3_check CHECK ((labeling_quantity_3 >= 0)),
    CONSTRAINT products_labeling_quantity_4_check CHECK ((labeling_quantity_4 >= 0)),
    CONSTRAINT products_labeling_quantity_5_check CHECK ((labeling_quantity_5 >= 0))
);


ALTER TABLE public.products_partition_3 OWNER TO postgres;

--
-- Name: products_partition_4; Type: TABLE; Schema: public; Owner: postgres
--

CREATE TABLE public.products_partition_4 (
    sku character varying(100) NOT NULL,
    customer_id integer NOT NULL,
    labeling_unit_1 character varying(50),
    labeling_quantity_1 integer,
    labeling_unit_2 character varying(50),
    labeling_quantity_2 integer,
    labeling_unit_3 character varying(50),
    labeling_quantity_3 integer,
    labeling_unit_4 character varying(50),
    labeling_quantity_4 integer,
    labeling_unit_5 character varying(50),
    labeling_quantity_5 integer,
    created_at timestamp without time zone DEFAULT CURRENT_TIMESTAMP,
    updated_at timestamp without time zone DEFAULT CURRENT_TIMESTAMP,
    CONSTRAINT products_labeling_quantity_1_check CHECK ((labeling_quantity_1 >= 0)),
    CONSTRAINT products_labeling_quantity_2_check CHECK ((labeling_quantity_2 >= 0)),
    CONSTRAINT products_labeling_quantity_3_check CHECK ((labeling_quantity_3 >= 0)),
    CONSTRAINT products_labeling_quantity_4_check CHECK ((labeling_quantity_4 >= 0)),
    CONSTRAINT products_labeling_quantity_5_check CHECK ((labeling_quantity_5 >= 0))
);


ALTER TABLE public.products_partition_4 OWNER TO postgres;

--
-- Name: products_partition_5; Type: TABLE; Schema: public; Owner: postgres
--

CREATE TABLE public.products_partition_5 (
    sku character varying(100) NOT NULL,
    customer_id integer NOT NULL,
    labeling_unit_1 character varying(50),
    labeling_quantity_1 integer,
    labeling_unit_2 character varying(50),
    labeling_quantity_2 integer,
    labeling_unit_3 character varying(50),
    labeling_quantity_3 integer,
    labeling_unit_4 character varying(50),
    labeling_quantity_4 integer,
    labeling_unit_5 character varying(50),
    labeling_quantity_5 integer,
    created_at timestamp without time zone DEFAULT CURRENT_TIMESTAMP,
    updated_at timestamp without time zone DEFAULT CURRENT_TIMESTAMP,
    CONSTRAINT products_labeling_quantity_1_check CHECK ((labeling_quantity_1 >= 0)),
    CONSTRAINT products_labeling_quantity_2_check CHECK ((labeling_quantity_2 >= 0)),
    CONSTRAINT products_labeling_quantity_3_check CHECK ((labeling_quantity_3 >= 0)),
    CONSTRAINT products_labeling_quantity_4_check CHECK ((labeling_quantity_4 >= 0)),
    CONSTRAINT products_labeling_quantity_5_check CHECK ((labeling_quantity_5 >= 0))
);


ALTER TABLE public.products_partition_5 OWNER TO postgres;

--
-- Name: products_partition_6; Type: TABLE; Schema: public; Owner: postgres
--

CREATE TABLE public.products_partition_6 (
    sku character varying(100) NOT NULL,
    customer_id integer NOT NULL,
    labeling_unit_1 character varying(50),
    labeling_quantity_1 integer,
    labeling_unit_2 character varying(50),
    labeling_quantity_2 integer,
    labeling_unit_3 character varying(50),
    labeling_quantity_3 integer,
    labeling_unit_4 character varying(50),
    labeling_quantity_4 integer,
    labeling_unit_5 character varying(50),
    labeling_quantity_5 integer,
    created_at timestamp without time zone DEFAULT CURRENT_TIMESTAMP,
    updated_at timestamp without time zone DEFAULT CURRENT_TIMESTAMP,
    CONSTRAINT products_labeling_quantity_1_check CHECK ((labeling_quantity_1 >= 0)),
    CONSTRAINT products_labeling_quantity_2_check CHECK ((labeling_quantity_2 >= 0)),
    CONSTRAINT products_labeling_quantity_3_check CHECK ((labeling_quantity_3 >= 0)),
    CONSTRAINT products_labeling_quantity_4_check CHECK ((labeling_quantity_4 >= 0)),
    CONSTRAINT products_labeling_quantity_5_check CHECK ((labeling_quantity_5 >= 0))
);


ALTER TABLE public.products_partition_6 OWNER TO postgres;

--
-- Name: products_partition_7; Type: TABLE; Schema: public; Owner: postgres
--

CREATE TABLE public.products_partition_7 (
    sku character varying(100) NOT NULL,
    customer_id integer NOT NULL,
    labeling_unit_1 character varying(50),
    labeling_quantity_1 integer,
    labeling_unit_2 character varying(50),
    labeling_quantity_2 integer,
    labeling_unit_3 character varying(50),
    labeling_quantity_3 integer,
    labeling_unit_4 character varying(50),
    labeling_quantity_4 integer,
    labeling_unit_5 character varying(50),
    labeling_quantity_5 integer,
    created_at timestamp without time zone DEFAULT CURRENT_TIMESTAMP,
    updated_at timestamp without time zone DEFAULT CURRENT_TIMESTAMP,
    CONSTRAINT products_labeling_quantity_1_check CHECK ((labeling_quantity_1 >= 0)),
    CONSTRAINT products_labeling_quantity_2_check CHECK ((labeling_quantity_2 >= 0)),
    CONSTRAINT products_labeling_quantity_3_check CHECK ((labeling_quantity_3 >= 0)),
    CONSTRAINT products_labeling_quantity_4_check CHECK ((labeling_quantity_4 >= 0)),
    CONSTRAINT products_labeling_quantity_5_check CHECK ((labeling_quantity_5 >= 0))
);


ALTER TABLE public.products_partition_7 OWNER TO postgres;

--
-- Name: products_partition_8; Type: TABLE; Schema: public; Owner: postgres
--

CREATE TABLE public.products_partition_8 (
    sku character varying(100) NOT NULL,
    customer_id integer NOT NULL,
    labeling_unit_1 character varying(50),
    labeling_quantity_1 integer,
    labeling_unit_2 character varying(50),
    labeling_quantity_2 integer,
    labeling_unit_3 character varying(50),
    labeling_quantity_3 integer,
    labeling_unit_4 character varying(50),
    labeling_quantity_4 integer,
    labeling_unit_5 character varying(50),
    labeling_quantity_5 integer,
    created_at timestamp without time zone DEFAULT CURRENT_TIMESTAMP,
    updated_at timestamp without time zone DEFAULT CURRENT_TIMESTAMP,
    CONSTRAINT products_labeling_quantity_1_check CHECK ((labeling_quantity_1 >= 0)),
    CONSTRAINT products_labeling_quantity_2_check CHECK ((labeling_quantity_2 >= 0)),
    CONSTRAINT products_labeling_quantity_3_check CHECK ((labeling_quantity_3 >= 0)),
    CONSTRAINT products_labeling_quantity_4_check CHECK ((labeling_quantity_4 >= 0)),
    CONSTRAINT products_labeling_quantity_5_check CHECK ((labeling_quantity_5 >= 0))
);


ALTER TABLE public.products_partition_8 OWNER TO postgres;

--
-- Name: products_partition_9; Type: TABLE; Schema: public; Owner: postgres
--

CREATE TABLE public.products_partition_9 (
    sku character varying(100) NOT NULL,
    customer_id integer NOT NULL,
    labeling_unit_1 character varying(50),
    labeling_quantity_1 integer,
    labeling_unit_2 character varying(50),
    labeling_quantity_2 integer,
    labeling_unit_3 character varying(50),
    labeling_quantity_3 integer,
    labeling_unit_4 character varying(50),
    labeling_quantity_4 integer,
    labeling_unit_5 character varying(50),
    labeling_quantity_5 integer,
    created_at timestamp without time zone DEFAULT CURRENT_TIMESTAMP,
    updated_at timestamp without time zone DEFAULT CURRENT_TIMESTAMP,
    CONSTRAINT products_labeling_quantity_1_check CHECK ((labeling_quantity_1 >= 0)),
    CONSTRAINT products_labeling_quantity_2_check CHECK ((labeling_quantity_2 >= 0)),
    CONSTRAINT products_labeling_quantity_3_check CHECK ((labeling_quantity_3 >= 0)),
    CONSTRAINT products_labeling_quantity_4_check CHECK ((labeling_quantity_4 >= 0)),
    CONSTRAINT products_labeling_quantity_5_check CHECK ((labeling_quantity_5 >= 0))
);


ALTER TABLE public.products_partition_9 OWNER TO postgres;

--
-- Name: service_logs; Type: TABLE; Schema: public; Owner: postgres
--

CREATE TABLE public.service_logs (
    log_id integer NOT NULL,
    customer_id integer NOT NULL,
    sku character varying(100) NOT NULL,
    service_id integer NOT NULL,
    quantity integer NOT NULL,
    total_cost numeric(10,2) NOT NULL,
    performed_at timestamp without time zone DEFAULT CURRENT_TIMESTAMP,
    created_at timestamp without time zone DEFAULT CURRENT_TIMESTAMP,
    updated_at timestamp without time zone DEFAULT CURRENT_TIMESTAMP,
    CONSTRAINT service_logs_quantity_check CHECK ((quantity >= 0))
);


ALTER TABLE public.service_logs OWNER TO postgres;

--
-- Name: service_logs_log_id_seq; Type: SEQUENCE; Schema: public; Owner: postgres
--

CREATE SEQUENCE public.service_logs_log_id_seq
    AS integer
    START WITH 1
    INCREMENT BY 1
    NO MINVALUE
    NO MAXVALUE
    CACHE 1;


ALTER SEQUENCE public.service_logs_log_id_seq OWNER TO postgres;

--
-- Name: service_logs_log_id_seq; Type: SEQUENCE OWNED BY; Schema: public; Owner: postgres
--

ALTER SEQUENCE public.service_logs_log_id_seq OWNED BY public.service_logs.log_id;


--
-- Name: services; Type: TABLE; Schema: public; Owner: postgres
--

CREATE TABLE public.services (
    service_id integer NOT NULL,
    service_name character varying(100) NOT NULL,
    description text,
    created_at timestamp without time zone DEFAULT CURRENT_TIMESTAMP,
    updated_at timestamp without time zone DEFAULT CURRENT_TIMESTAMP
);


ALTER TABLE public.services OWNER TO postgres;

--
-- Name: services_service_id_seq; Type: SEQUENCE; Schema: public; Owner: postgres
--

CREATE SEQUENCE public.services_service_id_seq
    AS integer
    START WITH 1
    INCREMENT BY 1
    NO MINVALUE
    NO MAXVALUE
    CACHE 1;


ALTER SEQUENCE public.services_service_id_seq OWNER TO postgres;

--
-- Name: services_service_id_seq; Type: SEQUENCE OWNED BY; Schema: public; Owner: postgres
--

ALTER SEQUENCE public.services_service_id_seq OWNED BY public.services.service_id;


--
-- Name: products_partition_0; Type: TABLE ATTACH; Schema: public; Owner: postgres
--

ALTER TABLE ONLY public.products ATTACH PARTITION public.products_partition_0 FOR VALUES WITH (modulus 20, remainder 0);


--
-- Name: products_partition_1; Type: TABLE ATTACH; Schema: public; Owner: postgres
--

ALTER TABLE ONLY public.products ATTACH PARTITION public.products_partition_1 FOR VALUES WITH (modulus 20, remainder 1);


--
-- Name: products_partition_10; Type: TABLE ATTACH; Schema: public; Owner: postgres
--

ALTER TABLE ONLY public.products ATTACH PARTITION public.products_partition_10 FOR VALUES WITH (modulus 20, remainder 10);


--
-- Name: products_partition_11; Type: TABLE ATTACH; Schema: public; Owner: postgres
--

ALTER TABLE ONLY public.products ATTACH PARTITION public.products_partition_11 FOR VALUES WITH (modulus 20, remainder 11);


--
-- Name: products_partition_12; Type: TABLE ATTACH; Schema: public; Owner: postgres
--

ALTER TABLE ONLY public.products ATTACH PARTITION public.products_partition_12 FOR VALUES WITH (modulus 20, remainder 12);


--
-- Name: products_partition_13; Type: TABLE ATTACH; Schema: public; Owner: postgres
--

ALTER TABLE ONLY public.products ATTACH PARTITION public.products_partition_13 FOR VALUES WITH (modulus 20, remainder 13);


--
-- Name: products_partition_14; Type: TABLE ATTACH; Schema: public; Owner: postgres
--

ALTER TABLE ONLY public.products ATTACH PARTITION public.products_partition_14 FOR VALUES WITH (modulus 20, remainder 14);


--
-- Name: products_partition_15; Type: TABLE ATTACH; Schema: public; Owner: postgres
--

ALTER TABLE ONLY public.products ATTACH PARTITION public.products_partition_15 FOR VALUES WITH (modulus 20, remainder 15);


--
-- Name: products_partition_16; Type: TABLE ATTACH; Schema: public; Owner: postgres
--

ALTER TABLE ONLY public.products ATTACH PARTITION public.products_partition_16 FOR VALUES WITH (modulus 20, remainder 16);


--
-- Name: products_partition_17; Type: TABLE ATTACH; Schema: public; Owner: postgres
--

ALTER TABLE ONLY public.products ATTACH PARTITION public.products_partition_17 FOR VALUES WITH (modulus 20, remainder 17);


--
-- Name: products_partition_18; Type: TABLE ATTACH; Schema: public; Owner: postgres
--

ALTER TABLE ONLY public.products ATTACH PARTITION public.products_partition_18 FOR VALUES WITH (modulus 20, remainder 18);


--
-- Name: products_partition_19; Type: TABLE ATTACH; Schema: public; Owner: postgres
--

ALTER TABLE ONLY public.products ATTACH PARTITION public.products_partition_19 FOR VALUES WITH (modulus 20, remainder 19);


--
-- Name: products_partition_2; Type: TABLE ATTACH; Schema: public; Owner: postgres
--

ALTER TABLE ONLY public.products ATTACH PARTITION public.products_partition_2 FOR VALUES WITH (modulus 20, remainder 2);


--
-- Name: products_partition_3; Type: TABLE ATTACH; Schema: public; Owner: postgres
--

ALTER TABLE ONLY public.products ATTACH PARTITION public.products_partition_3 FOR VALUES WITH (modulus 20, remainder 3);


--
-- Name: products_partition_4; Type: TABLE ATTACH; Schema: public; Owner: postgres
--

ALTER TABLE ONLY public.products ATTACH PARTITION public.products_partition_4 FOR VALUES WITH (modulus 20, remainder 4);


--
-- Name: products_partition_5; Type: TABLE ATTACH; Schema: public; Owner: postgres
--

ALTER TABLE ONLY public.products ATTACH PARTITION public.products_partition_5 FOR VALUES WITH (modulus 20, remainder 5);


--
-- Name: products_partition_6; Type: TABLE ATTACH; Schema: public; Owner: postgres
--

ALTER TABLE ONLY public.products ATTACH PARTITION public.products_partition_6 FOR VALUES WITH (modulus 20, remainder 6);


--
-- Name: products_partition_7; Type: TABLE ATTACH; Schema: public; Owner: postgres
--

ALTER TABLE ONLY public.products ATTACH PARTITION public.products_partition_7 FOR VALUES WITH (modulus 20, remainder 7);


--
-- Name: products_partition_8; Type: TABLE ATTACH; Schema: public; Owner: postgres
--

ALTER TABLE ONLY public.products ATTACH PARTITION public.products_partition_8 FOR VALUES WITH (modulus 20, remainder 8);


--
-- Name: products_partition_9; Type: TABLE ATTACH; Schema: public; Owner: postgres
--

ALTER TABLE ONLY public.products ATTACH PARTITION public.products_partition_9 FOR VALUES WITH (modulus 20, remainder 9);


--
-- Name: customer_services customer_service_id; Type: DEFAULT; Schema: public; Owner: postgres
--

ALTER TABLE ONLY public.customer_services ALTER COLUMN customer_service_id SET DEFAULT nextval('public.customer_services_customer_service_id_seq'::regclass);


--
-- Name: customers customer_id; Type: DEFAULT; Schema: public; Owner: postgres
--

ALTER TABLE ONLY public.customers ALTER COLUMN customer_id SET DEFAULT nextval('public.customers_customer_id_seq1'::regclass);


--
-- Name: inserts insert_id; Type: DEFAULT; Schema: public; Owner: postgres
--

ALTER TABLE ONLY public.inserts ALTER COLUMN insert_id SET DEFAULT nextval('public.inserts_insert_id_seq'::regclass);


--
-- Name: service_logs log_id; Type: DEFAULT; Schema: public; Owner: postgres
--

ALTER TABLE ONLY public.service_logs ALTER COLUMN log_id SET DEFAULT nextval('public.service_logs_log_id_seq'::regclass);


--
-- Name: services service_id; Type: DEFAULT; Schema: public; Owner: postgres
--

ALTER TABLE ONLY public.services ALTER COLUMN service_id SET DEFAULT nextval('public.services_service_id_seq'::regclass);


--
-- Data for Name: auth_group; Type: TABLE DATA; Schema: public; Owner: postgres
--



--
-- Data for Name: auth_group_permissions; Type: TABLE DATA; Schema: public; Owner: postgres
--



--
-- Data for Name: auth_permission; Type: TABLE DATA; Schema: public; Owner: postgres
--

INSERT INTO public.auth_permission (id, name, content_type_id, codename) VALUES (1, 'Can add log entry', 1, 'add_logentry') ON CONFLICT DO NOTHING;
INSERT INTO public.auth_permission (id, name, content_type_id, codename) VALUES (2, 'Can change log entry', 1, 'change_logentry') ON CONFLICT DO NOTHING;
INSERT INTO public.auth_permission (id, name, content_type_id, codename) VALUES (3, 'Can delete log entry', 1, 'delete_logentry') ON CONFLICT DO NOTHING;
INSERT INTO public.auth_permission (id, name, content_type_id, codename) VALUES (4, 'Can view log entry', 1, 'view_logentry') ON CONFLICT DO NOTHING;
INSERT INTO public.auth_permission (id, name, content_type_id, codename) VALUES (5, 'Can add permission', 2, 'add_permission') ON CONFLICT DO NOTHING;
INSERT INTO public.auth_permission (id, name, content_type_id, codename) VALUES (6, 'Can change permission', 2, 'change_permission') ON CONFLICT DO NOTHING;
INSERT INTO public.auth_permission (id, name, content_type_id, codename) VALUES (7, 'Can delete permission', 2, 'delete_permission') ON CONFLICT DO NOTHING;
INSERT INTO public.auth_permission (id, name, content_type_id, codename) VALUES (8, 'Can view permission', 2, 'view_permission') ON CONFLICT DO NOTHING;
INSERT INTO public.auth_permission (id, name, content_type_id, codename) VALUES (9, 'Can add group', 3, 'add_group') ON CONFLICT DO NOTHING;
INSERT INTO public.auth_permission (id, name, content_type_id, codename) VALUES (10, 'Can change group', 3, 'change_group') ON CONFLICT DO NOTHING;
INSERT INTO public.auth_permission (id, name, content_type_id, codename) VALUES (11, 'Can delete group', 3, 'delete_group') ON CONFLICT DO NOTHING;
INSERT INTO public.auth_permission (id, name, content_type_id, codename) VALUES (12, 'Can view group', 3, 'view_group') ON CONFLICT DO NOTHING;
INSERT INTO public.auth_permission (id, name, content_type_id, codename) VALUES (13, 'Can add user', 4, 'add_user') ON CONFLICT DO NOTHING;
INSERT INTO public.auth_permission (id, name, content_type_id, codename) VALUES (14, 'Can change user', 4, 'change_user') ON CONFLICT DO NOTHING;
INSERT INTO public.auth_permission (id, name, content_type_id, codename) VALUES (15, 'Can delete user', 4, 'delete_user') ON CONFLICT DO NOTHING;
INSERT INTO public.auth_permission (id, name, content_type_id, codename) VALUES (16, 'Can view user', 4, 'view_user') ON CONFLICT DO NOTHING;
INSERT INTO public.auth_permission (id, name, content_type_id, codename) VALUES (17, 'Can add content type', 5, 'add_contenttype') ON CONFLICT DO NOTHING;
INSERT INTO public.auth_permission (id, name, content_type_id, codename) VALUES (18, 'Can change content type', 5, 'change_contenttype') ON CONFLICT DO NOTHING;
INSERT INTO public.auth_permission (id, name, content_type_id, codename) VALUES (19, 'Can delete content type', 5, 'delete_contenttype') ON CONFLICT DO NOTHING;
INSERT INTO public.auth_permission (id, name, content_type_id, codename) VALUES (20, 'Can view content type', 5, 'view_contenttype') ON CONFLICT DO NOTHING;
INSERT INTO public.auth_permission (id, name, content_type_id, codename) VALUES (21, 'Can add session', 6, 'add_session') ON CONFLICT DO NOTHING;
INSERT INTO public.auth_permission (id, name, content_type_id, codename) VALUES (22, 'Can change session', 6, 'change_session') ON CONFLICT DO NOTHING;
INSERT INTO public.auth_permission (id, name, content_type_id, codename) VALUES (23, 'Can delete session', 6, 'delete_session') ON CONFLICT DO NOTHING;
INSERT INTO public.auth_permission (id, name, content_type_id, codename) VALUES (24, 'Can view session', 6, 'view_session') ON CONFLICT DO NOTHING;
INSERT INTO public.auth_permission (id, name, content_type_id, codename) VALUES (25, 'Can add customer', 7, 'add_customer') ON CONFLICT DO NOTHING;
INSERT INTO public.auth_permission (id, name, content_type_id, codename) VALUES (26, 'Can change customer', 7, 'change_customer') ON CONFLICT DO NOTHING;
INSERT INTO public.auth_permission (id, name, content_type_id, codename) VALUES (27, 'Can delete customer', 7, 'delete_customer') ON CONFLICT DO NOTHING;
INSERT INTO public.auth_permission (id, name, content_type_id, codename) VALUES (28, 'Can view customer', 7, 'view_customer') ON CONFLICT DO NOTHING;
INSERT INTO public.auth_permission (id, name, content_type_id, codename) VALUES (29, 'Can add service', 8, 'add_service') ON CONFLICT DO NOTHING;
INSERT INTO public.auth_permission (id, name, content_type_id, codename) VALUES (30, 'Can change service', 8, 'change_service') ON CONFLICT DO NOTHING;
INSERT INTO public.auth_permission (id, name, content_type_id, codename) VALUES (31, 'Can delete service', 8, 'delete_service') ON CONFLICT DO NOTHING;
INSERT INTO public.auth_permission (id, name, content_type_id, codename) VALUES (32, 'Can view service', 8, 'view_service') ON CONFLICT DO NOTHING;
INSERT INTO public.auth_permission (id, name, content_type_id, codename) VALUES (33, 'Can add product', 9, 'add_product') ON CONFLICT DO NOTHING;
INSERT INTO public.auth_permission (id, name, content_type_id, codename) VALUES (34, 'Can change product', 9, 'change_product') ON CONFLICT DO NOTHING;
INSERT INTO public.auth_permission (id, name, content_type_id, codename) VALUES (35, 'Can delete product', 9, 'delete_product') ON CONFLICT DO NOTHING;
INSERT INTO public.auth_permission (id, name, content_type_id, codename) VALUES (36, 'Can view product', 9, 'view_product') ON CONFLICT DO NOTHING;
INSERT INTO public.auth_permission (id, name, content_type_id, codename) VALUES (37, 'Can add customer service', 10, 'add_customerservice') ON CONFLICT DO NOTHING;
INSERT INTO public.auth_permission (id, name, content_type_id, codename) VALUES (38, 'Can change customer service', 10, 'change_customerservice') ON CONFLICT DO NOTHING;
INSERT INTO public.auth_permission (id, name, content_type_id, codename) VALUES (39, 'Can delete customer service', 10, 'delete_customerservice') ON CONFLICT DO NOTHING;
INSERT INTO public.auth_permission (id, name, content_type_id, codename) VALUES (40, 'Can view customer service', 10, 'view_customerservice') ON CONFLICT DO NOTHING;
INSERT INTO public.auth_permission (id, name, content_type_id, codename) VALUES (41, 'Can add service log', 11, 'add_servicelog') ON CONFLICT DO NOTHING;
INSERT INTO public.auth_permission (id, name, content_type_id, codename) VALUES (42, 'Can change service log', 11, 'change_servicelog') ON CONFLICT DO NOTHING;
INSERT INTO public.auth_permission (id, name, content_type_id, codename) VALUES (43, 'Can delete service log', 11, 'delete_servicelog') ON CONFLICT DO NOTHING;
INSERT INTO public.auth_permission (id, name, content_type_id, codename) VALUES (44, 'Can view service log', 11, 'view_servicelog') ON CONFLICT DO NOTHING;
INSERT INTO public.auth_permission (id, name, content_type_id, codename) VALUES (45, 'Can add insert', 12, 'add_insert') ON CONFLICT DO NOTHING;
INSERT INTO public.auth_permission (id, name, content_type_id, codename) VALUES (46, 'Can change insert', 12, 'change_insert') ON CONFLICT DO NOTHING;
INSERT INTO public.auth_permission (id, name, content_type_id, codename) VALUES (47, 'Can delete insert', 12, 'delete_insert') ON CONFLICT DO NOTHING;
INSERT INTO public.auth_permission (id, name, content_type_id, codename) VALUES (48, 'Can view insert', 12, 'view_insert') ON CONFLICT DO NOTHING;
INSERT INTO public.auth_permission (id, name, content_type_id, codename) VALUES (49, 'Can add order', 13, 'add_order') ON CONFLICT DO NOTHING;
INSERT INTO public.auth_permission (id, name, content_type_id, codename) VALUES (50, 'Can change order', 13, 'change_order') ON CONFLICT DO NOTHING;
INSERT INTO public.auth_permission (id, name, content_type_id, codename) VALUES (51, 'Can delete order', 13, 'delete_order') ON CONFLICT DO NOTHING;
INSERT INTO public.auth_permission (id, name, content_type_id, codename) VALUES (52, 'Can view order', 13, 'view_order') ON CONFLICT DO NOTHING;
INSERT INTO public.auth_permission (id, name, content_type_id, codename) VALUES (53, 'Can add orders', 13, 'add_orders') ON CONFLICT DO NOTHING;
INSERT INTO public.auth_permission (id, name, content_type_id, codename) VALUES (54, 'Can change orders', 13, 'change_orders') ON CONFLICT DO NOTHING;
INSERT INTO public.auth_permission (id, name, content_type_id, codename) VALUES (55, 'Can delete orders', 13, 'delete_orders') ON CONFLICT DO NOTHING;
INSERT INTO public.auth_permission (id, name, content_type_id, codename) VALUES (56, 'Can view orders', 13, 'view_orders') ON CONFLICT DO NOTHING;


--
-- Data for Name: auth_user; Type: TABLE DATA; Schema: public; Owner: postgres
--

INSERT INTO public.auth_user (id, password, last_login, is_superuser, username, first_name, last_name, email, is_staff, is_active, date_joined) VALUES (1, 'pbkdf2_sha256$720000$YilefwBYxfqyPcTmMX0pPD$kdLEqFQSDP+TIo1SGth3cEhVO0SPKloEFoq/9Nr2+vM=', '2024-06-06 11:03:40.119056-04', true, 'admin', '', '', 'h.sadiq@tsgfulfillment.com', true, true, '2024-06-06 10:51:26.006042-04') ON CONFLICT DO NOTHING;
INSERT INTO public.auth_user (id, password, last_login, is_superuser, username, first_name, last_name, email, is_staff, is_active, date_joined) VALUES (2, 'pbkdf2_sha256$720000$S8R0AQojxmYYw5nfauTHED$eagIatxcxKOtVS3DtCy6No60Li9kL1z8wvfvKfi8hu4=', NULL, false, 'priya', '', '', '', false, true, '2024-06-06 14:23:12.045055-04') ON CONFLICT DO NOTHING;


--
-- Data for Name: auth_user_groups; Type: TABLE DATA; Schema: public; Owner: postgres
--



--
-- Data for Name: auth_user_user_permissions; Type: TABLE DATA; Schema: public; Owner: postgres
--



--
-- Data for Name: billing_customer; Type: TABLE DATA; Schema: public; Owner: postgres
--

INSERT INTO public.billing_customer (customer_id, company_name, legal_business_name, email, phone, address, city, state, zip, country, business_type, created_at, updated_at) VALUES (1, 'Test number 1', 'Testing Inc.', 'hassansadiq73@gmail.com', NULL, NULL, NULL, NULL, NULL, NULL, 'Corporation', '2024-06-06 12:54:19.354043-04', '2024-06-06 12:54:19.354043-04') ON CONFLICT DO NOTHING;
INSERT INTO public.billing_customer (customer_id, company_name, legal_business_name, email, phone, address, city, state, zip, country, business_type, created_at, updated_at) VALUES (2, 'Example Company', 'Example Business', 'example@example.com', '1234567890', '123 Example St', 'Example City', 'Example State', '12345', 'Example Country', 'Retail', '2024-06-06 12:57:47.352064-04', '2024-06-06 12:57:47.352064-04') ON CONFLICT DO NOTHING;
INSERT INTO public.billing_customer (customer_id, company_name, legal_business_name, email, phone, address, city, state, zip, country, business_type, created_at, updated_at) VALUES (3, 'Abokichi', 'Abokichi', 'h.sadiq@tsgfulfillment.com', NULL, NULL, NULL, NULL, NULL, NULL, 'Corporation', '2024-06-06 16:19:11.963614-04', '2024-06-06 16:19:11.963614-04') ON CONFLICT DO NOTHING;


--
-- Data for Name: billing_customerservice; Type: TABLE DATA; Schema: public; Owner: postgres
--



--
-- Data for Name: billing_insert; Type: TABLE DATA; Schema: public; Owner: postgres
--



--
-- Data for Name: billing_order; Type: TABLE DATA; Schema: public; Owner: postgres
--



--
-- Data for Name: billing_product; Type: TABLE DATA; Schema: public; Owner: postgres
--



--
-- Data for Name: billing_service; Type: TABLE DATA; Schema: public; Owner: postgres
--

INSERT INTO public.billing_service (service_id, service_name, description, created_at, updated_at) VALUES (1, 'B2B Fulfillment', 'Pick, pack and ship retail orders', '2024-06-06 16:26:38.615732-04', '2024-06-06 16:26:38.615732-04') ON CONFLICT DO NOTHING;
INSERT INTO public.billing_service (service_id, service_name, description, created_at, updated_at) VALUES (2, 'B2C fulfillment', 'Pick, pack and ship consumer orders', '2024-06-06 16:27:32.572169-04', '2024-06-06 16:27:32.572169-04') ON CONFLICT DO NOTHING;
INSERT INTO public.billing_service (service_id, service_name, description, created_at, updated_at) VALUES (3, 'Costco orders', 'Kitts for Costco shipped', '2024-06-06 16:46:06.939802-04', '2024-06-06 16:46:45.847841-04') ON CONFLICT DO NOTHING;


--
-- Data for Name: billing_servicelog; Type: TABLE DATA; Schema: public; Owner: postgres
--



--
-- Data for Name: customer_services; Type: TABLE DATA; Schema: public; Owner: postgres
--

INSERT INTO public.customer_services (customer_service_id, customer_id, service_id, unit_price, created_at, updated_at) VALUES (1, 1, 3, 0.65, '2024-06-01 20:46:13.947899', '2024-06-01 20:46:13.947899') ON CONFLICT DO NOTHING;
INSERT INTO public.customer_services (customer_service_id, customer_id, service_id, unit_price, created_at, updated_at) VALUES (2, 1, 1, 2.50, '2024-06-01 20:46:13.947899', '2024-06-01 20:46:13.947899') ON CONFLICT DO NOTHING;
INSERT INTO public.customer_services (customer_service_id, customer_id, service_id, unit_price, created_at, updated_at) VALUES (3, 1, 2, 0.25, '2024-06-01 20:46:13.947899', '2024-06-01 20:46:13.947899') ON CONFLICT DO NOTHING;
INSERT INTO public.customer_services (customer_service_id, customer_id, service_id, unit_price, created_at, updated_at) VALUES (4, 1, 4, 0.10, '2024-06-01 20:46:13.947899', '2024-06-01 20:46:13.947899') ON CONFLICT DO NOTHING;
INSERT INTO public.customer_services (customer_service_id, customer_id, service_id, unit_price, created_at, updated_at) VALUES (5, 1, 10, 2.00, '2024-06-01 20:46:13.993926', '2024-06-01 20:46:13.993926') ON CONFLICT DO NOTHING;
INSERT INTO public.customer_services (customer_service_id, customer_id, service_id, unit_price, created_at, updated_at) VALUES (6, 1, 6, 0.65, '2024-06-01 20:46:13.993926', '2024-06-01 20:46:13.993926') ON CONFLICT DO NOTHING;
INSERT INTO public.customer_services (customer_service_id, customer_id, service_id, unit_price, created_at, updated_at) VALUES (7, 1, 8, 5.00, '2024-06-01 20:46:13.993926', '2024-06-01 20:46:13.993926') ON CONFLICT DO NOTHING;
INSERT INTO public.customer_services (customer_service_id, customer_id, service_id, unit_price, created_at, updated_at) VALUES (8, 1, 9, 0.85, '2024-06-01 20:46:13.993926', '2024-06-01 20:46:13.993926') ON CONFLICT DO NOTHING;
INSERT INTO public.customer_services (customer_service_id, customer_id, service_id, unit_price, created_at, updated_at) VALUES (9, 1, 7, 1.00, '2024-06-01 20:46:13.993926', '2024-06-01 20:46:13.993926') ON CONFLICT DO NOTHING;
INSERT INTO public.customer_services (customer_service_id, customer_id, service_id, unit_price, created_at, updated_at) VALUES (10, 1, 5, 6.00, '2024-06-01 20:46:13.993926', '2024-06-01 20:46:13.993926') ON CONFLICT DO NOTHING;
INSERT INTO public.customer_services (customer_service_id, customer_id, service_id, unit_price, created_at, updated_at) VALUES (11, 1, 11, 10.00, '2024-06-01 20:46:14.006309', '2024-06-01 20:46:14.006309') ON CONFLICT DO NOTHING;
INSERT INTO public.customer_services (customer_service_id, customer_id, service_id, unit_price, created_at, updated_at) VALUES (12, 1, 12, 125.00, '2024-06-01 20:46:14.024562', '2024-06-01 20:46:14.024562') ON CONFLICT DO NOTHING;
INSERT INTO public.customer_services (customer_service_id, customer_id, service_id, unit_price, created_at, updated_at) VALUES (13, 1, 13, 80.00, '2024-06-01 20:46:14.024562', '2024-06-01 20:46:14.024562') ON CONFLICT DO NOTHING;
INSERT INTO public.customer_services (customer_service_id, customer_id, service_id, unit_price, created_at, updated_at) VALUES (14, 2, 1, 2.50, '2024-06-01 21:04:26.708748', '2024-06-01 21:04:26.708748') ON CONFLICT DO NOTHING;
INSERT INTO public.customer_services (customer_service_id, customer_id, service_id, unit_price, created_at, updated_at) VALUES (15, 2, 2, 0.25, '2024-06-01 21:04:26.708748', '2024-06-01 21:04:26.708748') ON CONFLICT DO NOTHING;
INSERT INTO public.customer_services (customer_service_id, customer_id, service_id, unit_price, created_at, updated_at) VALUES (16, 2, 3, 0.65, '2024-06-01 21:04:26.708748', '2024-06-01 21:04:26.708748') ON CONFLICT DO NOTHING;
INSERT INTO public.customer_services (customer_service_id, customer_id, service_id, unit_price, created_at, updated_at) VALUES (17, 2, 4, 0.10, '2024-06-01 21:04:26.708748', '2024-06-01 21:04:26.708748') ON CONFLICT DO NOTHING;
INSERT INTO public.customer_services (customer_service_id, customer_id, service_id, unit_price, created_at, updated_at) VALUES (18, 2, 5, 6.00, '2024-06-01 21:04:49.792505', '2024-06-01 21:04:49.792505') ON CONFLICT DO NOTHING;
INSERT INTO public.customer_services (customer_service_id, customer_id, service_id, unit_price, created_at, updated_at) VALUES (19, 2, 6, 0.65, '2024-06-01 21:04:49.792505', '2024-06-01 21:04:49.792505') ON CONFLICT DO NOTHING;
INSERT INTO public.customer_services (customer_service_id, customer_id, service_id, unit_price, created_at, updated_at) VALUES (20, 2, 7, 1.00, '2024-06-01 21:04:49.792505', '2024-06-01 21:04:49.792505') ON CONFLICT DO NOTHING;
INSERT INTO public.customer_services (customer_service_id, customer_id, service_id, unit_price, created_at, updated_at) VALUES (21, 2, 8, 5.00, '2024-06-01 21:04:49.792505', '2024-06-01 21:04:49.792505') ON CONFLICT DO NOTHING;
INSERT INTO public.customer_services (customer_service_id, customer_id, service_id, unit_price, created_at, updated_at) VALUES (22, 2, 9, 0.85, '2024-06-01 21:04:49.792505', '2024-06-01 21:04:49.792505') ON CONFLICT DO NOTHING;
INSERT INTO public.customer_services (customer_service_id, customer_id, service_id, unit_price, created_at, updated_at) VALUES (23, 2, 10, 2.00, '2024-06-01 21:04:49.792505', '2024-06-01 21:04:49.792505') ON CONFLICT DO NOTHING;
INSERT INTO public.customer_services (customer_service_id, customer_id, service_id, unit_price, created_at, updated_at) VALUES (24, 2, 11, 10.00, '2024-06-01 21:05:17.824637', '2024-06-01 21:05:17.824637') ON CONFLICT DO NOTHING;


--
-- Data for Name: customers; Type: TABLE DATA; Schema: public; Owner: postgres
--

INSERT INTO public.customers (customer_id, company_name, legal_business_name, email, phone, address, city, state, zip, country, business_type, created_at, updated_at) VALUES (1, 'Acme Corp', 'Acme Corporation', 'contact@acme.com', NULL, NULL, NULL, NULL, NULL, NULL, NULL, '2024-05-31 21:27:52.039836', '2024-05-31 21:27:52.039836') ON CONFLICT DO NOTHING;
INSERT INTO public.customers (customer_id, company_name, legal_business_name, email, phone, address, city, state, zip, country, business_type, created_at, updated_at) VALUES (2, 'Beta Corp', 'Beta Corporation', 'contact@beta.com', NULL, NULL, NULL, NULL, NULL, NULL, NULL, '2024-06-01 20:55:36.632726', '2024-06-01 20:55:36.632726') ON CONFLICT DO NOTHING;
INSERT INTO public.customers (customer_id, company_name, legal_business_name, email, phone, address, city, state, zip, country, business_type, created_at, updated_at) VALUES (3, 'Abokichi', 'Abokichi Inc.', 'info@abokichi.com', '555-5678', '456 Abokichi Ave', 'Toronto', 'ON', '67890', 'Canada', 'Food', '2024-06-04 17:12:14.756703', '2024-06-04 17:12:14.756703') ON CONFLICT DO NOTHING;
INSERT INTO public.customers (customer_id, company_name, legal_business_name, email, phone, address, city, state, zip, country, business_type, created_at, updated_at) VALUES (4, 'Leather Better', 'Leather Better Inc.', 'info@leatherbetter.com', '555-7890', '789 Leather Ave', 'Leather Town', 'LT', '98765', 'USA', 'Retail', '2024-06-04 17:23:02.966509', '2024-06-04 17:23:02.966509') ON CONFLICT DO NOTHING;


--
-- Data for Name: django_admin_log; Type: TABLE DATA; Schema: public; Owner: postgres
--

INSERT INTO public.django_admin_log (id, action_time, object_id, object_repr, action_flag, change_message, content_type_id, user_id) VALUES (1, '2024-06-06 12:54:19.356043-04', '1', 'Customer object (1)', 1, '[{"added": {}}]', 7, 1) ON CONFLICT DO NOTHING;
INSERT INTO public.django_admin_log (id, action_time, object_id, object_repr, action_flag, change_message, content_type_id, user_id) VALUES (2, '2024-06-06 14:23:12.378731-04', '2', 'priya', 1, '[{"added": {}}]', 4, 1) ON CONFLICT DO NOTHING;
INSERT INTO public.django_admin_log (id, action_time, object_id, object_repr, action_flag, change_message, content_type_id, user_id) VALUES (3, '2024-06-06 16:19:11.963614-04', '3', 'Customer object (3)', 1, '[{"added": {}}]', 7, 1) ON CONFLICT DO NOTHING;
INSERT INTO public.django_admin_log (id, action_time, object_id, object_repr, action_flag, change_message, content_type_id, user_id) VALUES (4, '2024-06-06 16:26:38.615732-04', '1', 'Service object (1)', 1, '[{"added": {}}]', 8, 1) ON CONFLICT DO NOTHING;
INSERT INTO public.django_admin_log (id, action_time, object_id, object_repr, action_flag, change_message, content_type_id, user_id) VALUES (5, '2024-06-06 16:27:32.573166-04', '2', 'Service object (2)', 1, '[{"added": {}}]', 8, 1) ON CONFLICT DO NOTHING;
INSERT INTO public.django_admin_log (id, action_time, object_id, object_repr, action_flag, change_message, content_type_id, user_id) VALUES (6, '2024-06-06 16:46:06.939802-04', '3', 'Service object (3)', 1, '[{"added": {}}]', 8, 1) ON CONFLICT DO NOTHING;
INSERT INTO public.django_admin_log (id, action_time, object_id, object_repr, action_flag, change_message, content_type_id, user_id) VALUES (7, '2024-06-06 16:46:45.84883-04', '3', 'Service object (3)', 2, '[{"changed": {"fields": ["Description"]}}]', 8, 1) ON CONFLICT DO NOTHING;


--
-- Data for Name: django_content_type; Type: TABLE DATA; Schema: public; Owner: postgres
--

INSERT INTO public.django_content_type (id, app_label, model) VALUES (1, 'admin', 'logentry') ON CONFLICT DO NOTHING;
INSERT INTO public.django_content_type (id, app_label, model) VALUES (2, 'auth', 'permission') ON CONFLICT DO NOTHING;
INSERT INTO public.django_content_type (id, app_label, model) VALUES (3, 'auth', 'group') ON CONFLICT DO NOTHING;
INSERT INTO public.django_content_type (id, app_label, model) VALUES (4, 'auth', 'user') ON CONFLICT DO NOTHING;
INSERT INTO public.django_content_type (id, app_label, model) VALUES (5, 'contenttypes', 'contenttype') ON CONFLICT DO NOTHING;
INSERT INTO public.django_content_type (id, app_label, model) VALUES (6, 'sessions', 'session') ON CONFLICT DO NOTHING;
INSERT INTO public.django_content_type (id, app_label, model) VALUES (7, 'billing', 'customer') ON CONFLICT DO NOTHING;
INSERT INTO public.django_content_type (id, app_label, model) VALUES (8, 'billing', 'service') ON CONFLICT DO NOTHING;
INSERT INTO public.django_content_type (id, app_label, model) VALUES (9, 'billing', 'product') ON CONFLICT DO NOTHING;
INSERT INTO public.django_content_type (id, app_label, model) VALUES (10, 'billing', 'customerservice') ON CONFLICT DO NOTHING;
INSERT INTO public.django_content_type (id, app_label, model) VALUES (11, 'billing', 'servicelog') ON CONFLICT DO NOTHING;
INSERT INTO public.django_content_type (id, app_label, model) VALUES (12, 'billing', 'insert') ON CONFLICT DO NOTHING;
INSERT INTO public.django_content_type (id, app_label, model) VALUES (13, 'billing', 'order') ON CONFLICT DO NOTHING;


--
-- Data for Name: django_migrations; Type: TABLE DATA; Schema: public; Owner: postgres
--

INSERT INTO public.django_migrations (id, app, name, applied) VALUES (1, 'contenttypes', '0001_initial', '2024-06-06 10:46:00.994991-04') ON CONFLICT DO NOTHING;
INSERT INTO public.django_migrations (id, app, name, applied) VALUES (2, 'auth', '0001_initial', '2024-06-06 10:46:01.0733-04') ON CONFLICT DO NOTHING;
INSERT INTO public.django_migrations (id, app, name, applied) VALUES (3, 'admin', '0001_initial', '2024-06-06 10:46:01.093317-04') ON CONFLICT DO NOTHING;
INSERT INTO public.django_migrations (id, app, name, applied) VALUES (4, 'admin', '0002_logentry_remove_auto_add', '2024-06-06 10:46:01.0983-04') ON CONFLICT DO NOTHING;
INSERT INTO public.django_migrations (id, app, name, applied) VALUES (5, 'admin', '0003_logentry_add_action_flag_choices', '2024-06-06 10:46:01.102304-04') ON CONFLICT DO NOTHING;
INSERT INTO public.django_migrations (id, app, name, applied) VALUES (6, 'contenttypes', '0002_remove_content_type_name', '2024-06-06 10:46:01.112302-04') ON CONFLICT DO NOTHING;
INSERT INTO public.django_migrations (id, app, name, applied) VALUES (7, 'auth', '0002_alter_permission_name_max_length', '2024-06-06 10:46:01.117301-04') ON CONFLICT DO NOTHING;
INSERT INTO public.django_migrations (id, app, name, applied) VALUES (8, 'auth', '0003_alter_user_email_max_length', '2024-06-06 10:46:01.122301-04') ON CONFLICT DO NOTHING;
INSERT INTO public.django_migrations (id, app, name, applied) VALUES (9, 'auth', '0004_alter_user_username_opts', '2024-06-06 10:46:01.126301-04') ON CONFLICT DO NOTHING;
INSERT INTO public.django_migrations (id, app, name, applied) VALUES (10, 'auth', '0005_alter_user_last_login_null', '2024-06-06 10:46:01.131301-04') ON CONFLICT DO NOTHING;
INSERT INTO public.django_migrations (id, app, name, applied) VALUES (11, 'auth', '0006_require_contenttypes_0002', '2024-06-06 10:46:01.132304-04') ON CONFLICT DO NOTHING;
INSERT INTO public.django_migrations (id, app, name, applied) VALUES (12, 'auth', '0007_alter_validators_add_error_messages', '2024-06-06 10:46:01.136301-04') ON CONFLICT DO NOTHING;
INSERT INTO public.django_migrations (id, app, name, applied) VALUES (13, 'auth', '0008_alter_user_username_max_length', '2024-06-06 10:46:01.148301-04') ON CONFLICT DO NOTHING;
INSERT INTO public.django_migrations (id, app, name, applied) VALUES (14, 'auth', '0009_alter_user_last_name_max_length', '2024-06-06 10:46:01.153303-04') ON CONFLICT DO NOTHING;
INSERT INTO public.django_migrations (id, app, name, applied) VALUES (15, 'auth', '0010_alter_group_name_max_length', '2024-06-06 10:46:01.158305-04') ON CONFLICT DO NOTHING;
INSERT INTO public.django_migrations (id, app, name, applied) VALUES (16, 'auth', '0011_update_proxy_permissions', '2024-06-06 10:46:01.162321-04') ON CONFLICT DO NOTHING;
INSERT INTO public.django_migrations (id, app, name, applied) VALUES (17, 'auth', '0012_alter_user_first_name_max_length', '2024-06-06 10:46:01.167309-04') ON CONFLICT DO NOTHING;
INSERT INTO public.django_migrations (id, app, name, applied) VALUES (18, 'sessions', '0001_initial', '2024-06-06 10:46:01.181332-04') ON CONFLICT DO NOTHING;
INSERT INTO public.django_migrations (id, app, name, applied) VALUES (19, 'billing', '0001_initial', '2024-06-06 11:18:11.968832-04') ON CONFLICT DO NOTHING;
INSERT INTO public.django_migrations (id, app, name, applied) VALUES (20, 'billing', '0002_order_order_orders_line_items_check_and_more', '2024-06-06 12:08:47.442195-04') ON CONFLICT DO NOTHING;
INSERT INTO public.django_migrations (id, app, name, applied) VALUES (21, 'billing', '0003_rename_order_orders', '2024-06-06 12:17:49.32593-04') ON CONFLICT DO NOTHING;
INSERT INTO public.django_migrations (id, app, name, applied) VALUES (22, 'billing', '0004_rename_orders_order', '2024-06-06 12:25:03.688722-04') ON CONFLICT DO NOTHING;


--
-- Data for Name: django_session; Type: TABLE DATA; Schema: public; Owner: postgres
--

INSERT INTO public.django_session (session_key, session_data, expire_date) VALUES ('dhoqkf5k24irxfhzh3a8t7yfsd141gv3', '.eJxVjEEOwiAQRe_C2hAGSwsu3fcMZJgZpGpoUtqV8e7apAvd_vfef6mI21ri1mSJE6uLAnX63RLSQ-oO-I71Nmua67pMSe-KPmjT48zyvB7u30HBVr61AQnJouezyzlJEAHD3vXsEDokQU9AkJIbCDp2xhrxweaQ8-B6JFLvDwjaOOs:1sFEeS:QTmA_CjODbh_eHQiGsOO_7Hv6_Cvrcn8QaFWzjLkrSY', '2024-06-20 11:03:40.120742-04') ON CONFLICT DO NOTHING;


--
-- Data for Name: inserts; Type: TABLE DATA; Schema: public; Owner: postgres
--

INSERT INTO public.inserts (insert_id, sku, customer_id, insert_name, insert_quantity, created_at, updated_at) VALUES (1, 'SKU12345', 1, 'Recipe Booklet', 5, '2024-05-31 21:27:52.047811', '2024-05-31 21:27:52.047811') ON CONFLICT DO NOTHING;
INSERT INTO public.inserts (insert_id, sku, customer_id, insert_name, insert_quantity, created_at, updated_at) VALUES (2, 'SKU67890', 1, 'Instruction Manual', 10, '2024-05-31 21:27:52.047811', '2024-05-31 21:27:52.047811') ON CONFLICT DO NOTHING;


--
-- Data for Name: orders; Type: TABLE DATA; Schema: public; Owner: postgres
--



--
-- Data for Name: products_partition_0; Type: TABLE DATA; Schema: public; Owner: postgres
--

-- load via partition root public.products

INSERT INTO public.products (sku, customer_id, labeling_unit_1, labeling_quantity_1, labeling_unit_2, labeling_quantity_2, labeling_unit_3, labeling_quantity_3, labeling_unit_4, labeling_quantity_4, labeling_unit_5, labeling_quantity_5, created_at, updated_at) VALUES ('SKU12345', 1, 'Box', 10, 'Pallet', 1, NULL, NULL, NULL, NULL, NULL, NULL, '2024-05-31 21:27:52.043743', '2024-05-31 21:27:52.043743') ON CONFLICT DO NOTHING;
INSERT INTO public.products (sku, customer_id, labeling_unit_1, labeling_quantity_1, labeling_unit_2, labeling_quantity_2, labeling_unit_3, labeling_quantity_3, labeling_unit_4, labeling_quantity_4, labeling_unit_5, labeling_quantity_5, created_at, updated_at) VALUES ('SKU67890', 1, 'Bag', 20, 'Crate', 2, NULL, NULL, NULL, NULL, NULL, NULL, '2024-05-31 21:27:52.043743', '2024-05-31 21:27:52.043743') ON CONFLICT DO NOTHING;


--
-- Data for Name: products_partition_1; Type: TABLE DATA; Schema: public; Owner: postgres
--

-- load via partition root public.products



--
-- Data for Name: products_partition_10; Type: TABLE DATA; Schema: public; Owner: postgres
--

-- load via partition root public.products



--
-- Data for Name: products_partition_11; Type: TABLE DATA; Schema: public; Owner: postgres
--

-- load via partition root public.products



--
-- Data for Name: products_partition_12; Type: TABLE DATA; Schema: public; Owner: postgres
--

-- load via partition root public.products



--
-- Data for Name: products_partition_13; Type: TABLE DATA; Schema: public; Owner: postgres
--

-- load via partition root public.products



--
-- Data for Name: products_partition_14; Type: TABLE DATA; Schema: public; Owner: postgres
--

-- load via partition root public.products



--
-- Data for Name: products_partition_15; Type: TABLE DATA; Schema: public; Owner: postgres
--

-- load via partition root public.products



--
-- Data for Name: products_partition_16; Type: TABLE DATA; Schema: public; Owner: postgres
--

-- load via partition root public.products



--
-- Data for Name: products_partition_17; Type: TABLE DATA; Schema: public; Owner: postgres
--

-- load via partition root public.products



--
-- Data for Name: products_partition_18; Type: TABLE DATA; Schema: public; Owner: postgres
--

-- load via partition root public.products



--
-- Data for Name: products_partition_19; Type: TABLE DATA; Schema: public; Owner: postgres
--

-- load via partition root public.products



--
-- Data for Name: products_partition_2; Type: TABLE DATA; Schema: public; Owner: postgres
--

-- load via partition root public.products



--
-- Data for Name: products_partition_3; Type: TABLE DATA; Schema: public; Owner: postgres
--

-- load via partition root public.products



--
-- Data for Name: products_partition_4; Type: TABLE DATA; Schema: public; Owner: postgres
--

-- load via partition root public.products



--
-- Data for Name: products_partition_5; Type: TABLE DATA; Schema: public; Owner: postgres
--

-- load via partition root public.products



--
-- Data for Name: products_partition_6; Type: TABLE DATA; Schema: public; Owner: postgres
--

-- load via partition root public.products



--
-- Data for Name: products_partition_7; Type: TABLE DATA; Schema: public; Owner: postgres
--

-- load via partition root public.products



--
-- Data for Name: products_partition_8; Type: TABLE DATA; Schema: public; Owner: postgres
--

-- load via partition root public.products



--
-- Data for Name: products_partition_9; Type: TABLE DATA; Schema: public; Owner: postgres
--

-- load via partition root public.products



--
-- Data for Name: service_logs; Type: TABLE DATA; Schema: public; Owner: postgres
--



--
-- Data for Name: services; Type: TABLE DATA; Schema: public; Owner: postgres
--

INSERT INTO public.services (service_id, service_name, description, created_at, updated_at) VALUES (1, 'Pick, pack and ship B2C: Base', 'Base service for B2C', '2024-06-01 20:45:53.157492', '2024-06-01 20:45:53.157492') ON CONFLICT DO NOTHING;
INSERT INTO public.services (service_id, service_name, description, created_at, updated_at) VALUES (2, 'Pick, pack and ship B2C: Unit pick', 'Unit pick for B2C', '2024-06-01 20:45:53.157492', '2024-06-01 20:45:53.157492') ON CONFLICT DO NOTHING;
INSERT INTO public.services (service_id, service_name, description, created_at, updated_at) VALUES (3, 'Pick, pack and ship B2C: SKU', 'SKU service for B2C', '2024-06-01 20:45:53.157492', '2024-06-01 20:45:53.157492') ON CONFLICT DO NOTHING;
INSERT INTO public.services (service_id, service_name, description, created_at, updated_at) VALUES (4, 'Pick, pack and ship B2C: Insert', 'Insert service for B2C', '2024-06-01 20:45:53.157492', '2024-06-01 20:45:53.157492') ON CONFLICT DO NOTHING;
INSERT INTO public.services (service_id, service_name, description, created_at, updated_at) VALUES (5, 'Pick, pack and ship B2B: Base', 'Base service for B2B', '2024-06-01 20:45:53.157492', '2024-06-01 20:45:53.157492') ON CONFLICT DO NOTHING;
INSERT INTO public.services (service_id, service_name, description, created_at, updated_at) VALUES (6, 'Pick, pack and ship B2B: Case', 'Case service for B2B', '2024-06-01 20:45:53.157492', '2024-06-01 20:45:53.157492') ON CONFLICT DO NOTHING;
INSERT INTO public.services (service_id, service_name, description, created_at, updated_at) VALUES (7, 'Pick, pack and ship B2B: SKU', 'SKU service for B2B', '2024-06-01 20:45:53.157492', '2024-06-01 20:45:53.157492') ON CONFLICT DO NOTHING;
INSERT INTO public.services (service_id, service_name, description, created_at, updated_at) VALUES (8, 'Pick, pack and ship B2B: Palette', 'Palette service for B2B', '2024-06-01 20:45:53.157492', '2024-06-01 20:45:53.157492') ON CONFLICT DO NOTHING;
INSERT INTO public.services (service_id, service_name, description, created_at, updated_at) VALUES (9, 'Pick, pack and ship B2B: Inner', 'Inner service for B2B', '2024-06-01 20:45:53.157492', '2024-06-01 20:45:53.157492') ON CONFLICT DO NOTHING;
INSERT INTO public.services (service_id, service_name, description, created_at, updated_at) VALUES (10, 'Pick, pack and ship B2B: Charge one', 'Charge one for B2B', '2024-06-01 20:45:53.157492', '2024-06-01 20:45:53.157492') ON CONFLICT DO NOTHING;
INSERT INTO public.services (service_id, service_name, description, created_at, updated_at) VALUES (11, 'Costco: Base', 'Base service for Costco', '2024-06-01 20:45:53.157492', '2024-06-01 20:45:53.157492') ON CONFLICT DO NOTHING;
INSERT INTO public.services (service_id, service_name, description, created_at, updated_at) VALUES (12, 'Service 1', 'Additional Service 1', '2024-06-01 20:45:53.157492', '2024-06-01 20:45:53.157492') ON CONFLICT DO NOTHING;
INSERT INTO public.services (service_id, service_name, description, created_at, updated_at) VALUES (13, 'Service 2', 'Additional Service 2', '2024-06-01 20:45:53.157492', '2024-06-01 20:45:53.157492') ON CONFLICT DO NOTHING;
INSERT INTO public.services (service_id, service_name, description, created_at, updated_at) VALUES (14, 'Pick, pack and ship B2C: Master Case Pick', 'Master Case Pick service for B2C', '2024-06-01 21:17:36.567355', '2024-06-01 21:17:36.567355') ON CONFLICT DO NOTHING;
INSERT INTO public.services (service_id, service_name, description, created_at, updated_at) VALUES (15, 'Pick, pack and ship B2C: Inner Pick', 'Inner Pick service for B2C', '2024-06-01 21:17:36.573843', '2024-06-01 21:17:36.573843') ON CONFLICT DO NOTHING;
INSERT INTO public.services (service_id, service_name, description, created_at, updated_at) VALUES (16, 'Pick, pack and ship B2C: Pallet', 'Pallet service for B2C', '2024-06-01 21:17:36.580511', '2024-06-01 21:17:36.580511') ON CONFLICT DO NOTHING;
INSERT INTO public.services (service_id, service_name, description, created_at, updated_at) VALUES (17, 'Pick, pack and ship B2C: Charge 1', 'Charge 1 service for B2C', '2024-06-01 21:17:36.587694', '2024-06-01 21:17:36.587694') ON CONFLICT DO NOTHING;
INSERT INTO public.services (service_id, service_name, description, created_at, updated_at) VALUES (18, 'Pick, pack and ship B2C: Charge 2', 'Charge 2 service for B2C', '2024-06-01 21:17:36.595138', '2024-06-01 21:17:36.595138') ON CONFLICT DO NOTHING;
INSERT INTO public.services (service_id, service_name, description, created_at, updated_at) VALUES (19, 'Pick, pack and ship B2C: Charge 3', 'Charge 3 service for B2C', '2024-06-01 21:17:36.601932', '2024-06-01 21:17:36.601932') ON CONFLICT DO NOTHING;
INSERT INTO public.services (service_id, service_name, description, created_at, updated_at) VALUES (20, 'Pick, pack and ship B2C: Charge 4', 'Charge 4 service for B2C', '2024-06-01 21:17:36.60999', '2024-06-01 21:17:36.60999') ON CONFLICT DO NOTHING;
INSERT INTO public.services (service_id, service_name, description, created_at, updated_at) VALUES (21, 'Pick, pack and ship B2C: Inserts', 'Inserts service for B2C', '2024-06-01 21:17:36.615806', '2024-06-01 21:17:36.615806') ON CONFLICT DO NOTHING;
INSERT INTO public.services (service_id, service_name, description, created_at, updated_at) VALUES (22, 'Wholesale distribution: Base', 'Base service for Wholesale distribution', '2024-06-01 21:17:36.621532', '2024-06-01 21:17:36.621532') ON CONFLICT DO NOTHING;
INSERT INTO public.services (service_id, service_name, description, created_at, updated_at) VALUES (23, 'Wholesale distribution: Unit Pick', 'Unit Pick service for Wholesale distribution', '2024-06-01 21:17:36.631166', '2024-06-01 21:17:36.631166') ON CONFLICT DO NOTHING;
INSERT INTO public.services (service_id, service_name, description, created_at, updated_at) VALUES (24, 'Wholesale distribution: Master Case Pick', 'Master Case Pick service for Wholesale distribution', '2024-06-01 21:17:36.637134', '2024-06-01 21:17:36.637134') ON CONFLICT DO NOTHING;
INSERT INTO public.services (service_id, service_name, description, created_at, updated_at) VALUES (25, 'Wholesale distribution: Inner Pick', 'Inner Pick service for Wholesale distribution', '2024-06-01 21:17:36.644368', '2024-06-01 21:17:36.644368') ON CONFLICT DO NOTHING;
INSERT INTO public.services (service_id, service_name, description, created_at, updated_at) VALUES (26, 'Wholesale distribution: Pallet', 'Pallet service for Wholesale distribution', '2024-06-01 21:17:36.64995', '2024-06-01 21:17:36.64995') ON CONFLICT DO NOTHING;
INSERT INTO public.services (service_id, service_name, description, created_at, updated_at) VALUES (27, 'Wholesale distribution: Charge 1', 'Charge 1 service for Wholesale distribution', '2024-06-01 21:17:36.656999', '2024-06-01 21:17:36.656999') ON CONFLICT DO NOTHING;
INSERT INTO public.services (service_id, service_name, description, created_at, updated_at) VALUES (28, 'Wholesale distribution: Charge 2', 'Charge 2 service for Wholesale distribution', '2024-06-01 21:17:36.662784', '2024-06-01 21:17:36.662784') ON CONFLICT DO NOTHING;
INSERT INTO public.services (service_id, service_name, description, created_at, updated_at) VALUES (29, 'Wholesale distribution: Charge 3', 'Charge 3 service for Wholesale distribution', '2024-06-01 21:17:36.670327', '2024-06-01 21:17:36.670327') ON CONFLICT DO NOTHING;
INSERT INTO public.services (service_id, service_name, description, created_at, updated_at) VALUES (30, 'Wholesale distribution: Charge 4', 'Charge 4 service for Wholesale distribution', '2024-06-01 21:17:36.678389', '2024-06-01 21:17:36.678389') ON CONFLICT DO NOTHING;
INSERT INTO public.services (service_id, service_name, description, created_at, updated_at) VALUES (31, 'Wholesale distribution: Inserts', 'Inserts service for Wholesale distribution', '2024-06-01 21:17:36.684205', '2024-06-01 21:17:36.684205') ON CONFLICT DO NOTHING;
INSERT INTO public.services (service_id, service_name, description, created_at, updated_at) VALUES (32, 'Costco distribution: Base', 'Base service for Costco distribution', '2024-06-01 21:17:36.691062', '2024-06-01 21:17:36.691062') ON CONFLICT DO NOTHING;
INSERT INTO public.services (service_id, service_name, description, created_at, updated_at) VALUES (33, 'TSC distribution: Base', 'Base service for TSC distribution', '2024-06-01 21:17:36.69913', '2024-06-01 21:17:36.69913') ON CONFLICT DO NOTHING;
INSERT INTO public.services (service_id, service_name, description, created_at, updated_at) VALUES (34, 'Receiving: Boxes Received', 'Boxes Received service', '2024-06-01 21:17:36.707461', '2024-06-01 21:17:36.707461') ON CONFLICT DO NOTHING;
INSERT INTO public.services (service_id, service_name, description, created_at, updated_at) VALUES (35, 'Receiving: Pallets Received', 'Pallets Received service', '2024-06-01 21:17:36.714542', '2024-06-01 21:17:36.714542') ON CONFLICT DO NOTHING;
INSERT INTO public.services (service_id, service_name, description, created_at, updated_at) VALUES (36, 'Receiving: SKU Received', 'SKU Received service', '2024-06-01 21:17:36.722517', '2024-06-01 21:17:36.722517') ON CONFLICT DO NOTHING;
INSERT INTO public.services (service_id, service_name, description, created_at, updated_at) VALUES (37, 'Receiving: Charge 1', 'Charge 1 for Receiving', '2024-06-01 21:17:36.728181', '2024-06-01 21:17:36.728181') ON CONFLICT DO NOTHING;
INSERT INTO public.services (service_id, service_name, description, created_at, updated_at) VALUES (38, 'Receiving: Charge 2', 'Charge 2 for Receiving', '2024-06-01 21:17:36.73427', '2024-06-01 21:17:36.73427') ON CONFLICT DO NOTHING;
INSERT INTO public.services (service_id, service_name, description, created_at, updated_at) VALUES (39, 'Receiving: Charge 3', 'Charge 3 for Receiving', '2024-06-01 21:17:36.741592', '2024-06-01 21:17:36.741592') ON CONFLICT DO NOTHING;
INSERT INTO public.services (service_id, service_name, description, created_at, updated_at) VALUES (40, 'Receiving: Charge 4', 'Charge 4 for Receiving', '2024-06-01 21:17:36.747257', '2024-06-01 21:17:36.747257') ON CONFLICT DO NOTHING;
INSERT INTO public.services (service_id, service_name, description, created_at, updated_at) VALUES (41, 'Kitting: K1', 'Kitting service K1', '2024-06-01 21:17:36.754556', '2024-06-01 21:17:36.754556') ON CONFLICT DO NOTHING;
INSERT INTO public.services (service_id, service_name, description, created_at, updated_at) VALUES (42, 'Kitting: K2', 'Kitting service K2', '2024-06-01 21:17:36.760422', '2024-06-01 21:17:36.760422') ON CONFLICT DO NOTHING;
INSERT INTO public.services (service_id, service_name, description, created_at, updated_at) VALUES (43, 'Kitting: K3', 'Kitting service K3', '2024-06-01 21:17:36.767774', '2024-06-01 21:17:36.767774') ON CONFLICT DO NOTHING;
INSERT INTO public.services (service_id, service_name, description, created_at, updated_at) VALUES (44, 'Kitting: K4', 'Kitting service K4', '2024-06-01 21:17:36.773236', '2024-06-01 21:17:36.773236') ON CONFLICT DO NOTHING;
INSERT INTO public.services (service_id, service_name, description, created_at, updated_at) VALUES (45, 'Kitting: K5', 'Kitting service K5', '2024-06-01 21:17:36.778256', '2024-06-01 21:17:36.778256') ON CONFLICT DO NOTHING;
INSERT INTO public.services (service_id, service_name, description, created_at, updated_at) VALUES (46, 'Kitting: K6', 'Kitting service K6', '2024-06-01 21:17:36.786034', '2024-06-01 21:17:36.786034') ON CONFLICT DO NOTHING;
INSERT INTO public.services (service_id, service_name, description, created_at, updated_at) VALUES (47, 'Kitting: K7', 'Kitting service K7', '2024-06-01 21:17:36.791209', '2024-06-01 21:17:36.791209') ON CONFLICT DO NOTHING;
INSERT INTO public.services (service_id, service_name, description, created_at, updated_at) VALUES (48, 'Quality control: Charge 1', 'Charge 1 for Quality control', '2024-06-01 21:17:36.798553', '2024-06-01 21:17:36.798553') ON CONFLICT DO NOTHING;
INSERT INTO public.services (service_id, service_name, description, created_at, updated_at) VALUES (49, 'Labeling projects: Charge 1', 'Charge 1 for Labeling projects', '2024-06-01 21:17:36.805669', '2024-06-01 21:17:36.805669') ON CONFLICT DO NOTHING;
INSERT INTO public.services (service_id, service_name, description, created_at, updated_at) VALUES (50, 'Crossdock: Charge 1', 'Charge 1 for Crossdock', '2024-06-01 21:17:36.813555', '2024-06-01 21:17:36.813555') ON CONFLICT DO NOTHING;
INSERT INTO public.services (service_id, service_name, description, created_at, updated_at) VALUES (51, 'Special project: Charge 1', 'Charge 1 for Special project', '2024-06-01 21:17:36.820029', '2024-06-01 21:17:36.820029') ON CONFLICT DO NOTHING;
INSERT INTO public.services (service_id, service_name, description, created_at, updated_at) VALUES (52, 'Service 3', 'Additional Service 3', '2024-06-01 21:17:36.828056', '2024-06-01 21:17:36.828056') ON CONFLICT DO NOTHING;
INSERT INTO public.services (service_id, service_name, description, created_at, updated_at) VALUES (53, 'Service 4', 'Additional Service 4', '2024-06-01 21:17:36.833476', '2024-06-01 21:17:36.833476') ON CONFLICT DO NOTHING;
INSERT INTO public.services (service_id, service_name, description, created_at, updated_at) VALUES (54, 'Service 5', 'Additional Service 5', '2024-06-01 21:17:36.838502', '2024-06-01 21:17:36.838502') ON CONFLICT DO NOTHING;
INSERT INTO public.services (service_id, service_name, description, created_at, updated_at) VALUES (55, 'Service 6', 'Additional Service 6', '2024-06-01 21:17:36.844941', '2024-06-01 21:17:36.844941') ON CONFLICT DO NOTHING;
INSERT INTO public.services (service_id, service_name, description, created_at, updated_at) VALUES (56, 'Service 7', 'Additional Service 7', '2024-06-01 21:17:36.849872', '2024-06-01 21:17:36.849872') ON CONFLICT DO NOTHING;
INSERT INTO public.services (service_id, service_name, description, created_at, updated_at) VALUES (57, 'Service 8', 'Additional Service 8', '2024-06-01 21:17:36.854665', '2024-06-01 21:17:36.854665') ON CONFLICT DO NOTHING;
INSERT INTO public.services (service_id, service_name, description, created_at, updated_at) VALUES (58, 'Service 9', 'Additional Service 9', '2024-06-01 21:17:36.860594', '2024-06-01 21:17:36.860594') ON CONFLICT DO NOTHING;
INSERT INTO public.services (service_id, service_name, description, created_at, updated_at) VALUES (59, 'Service 10', 'Additional Service 10', '2024-06-01 21:17:36.865983', '2024-06-01 21:17:36.865983') ON CONFLICT DO NOTHING;
INSERT INTO public.services (service_id, service_name, description, created_at, updated_at) VALUES (60, 'Service 11', 'Additional Service 11', '2024-06-01 21:17:36.870905', '2024-06-01 21:17:36.870905') ON CONFLICT DO NOTHING;
INSERT INTO public.services (service_id, service_name, description, created_at, updated_at) VALUES (61, 'Service 12', 'Additional Service 12', '2024-06-01 21:17:36.87818', '2024-06-01 21:17:36.87818') ON CONFLICT DO NOTHING;


--
-- Name: auth_group_id_seq; Type: SEQUENCE SET; Schema: public; Owner: postgres
--

SELECT pg_catalog.setval('public.auth_group_id_seq', 1, false);


--
-- Name: auth_group_permissions_id_seq; Type: SEQUENCE SET; Schema: public; Owner: postgres
--

SELECT pg_catalog.setval('public.auth_group_permissions_id_seq', 1, false);


--
-- Name: auth_permission_id_seq; Type: SEQUENCE SET; Schema: public; Owner: postgres
--

SELECT pg_catalog.setval('public.auth_permission_id_seq', 56, true);


--
-- Name: auth_user_groups_id_seq; Type: SEQUENCE SET; Schema: public; Owner: postgres
--

SELECT pg_catalog.setval('public.auth_user_groups_id_seq', 1, false);


--
-- Name: auth_user_id_seq; Type: SEQUENCE SET; Schema: public; Owner: postgres
--

SELECT pg_catalog.setval('public.auth_user_id_seq', 2, true);


--
-- Name: auth_user_user_permissions_id_seq; Type: SEQUENCE SET; Schema: public; Owner: postgres
--

SELECT pg_catalog.setval('public.auth_user_user_permissions_id_seq', 1, false);


--
-- Name: billing_customer_customer_id_seq; Type: SEQUENCE SET; Schema: public; Owner: postgres
--

SELECT pg_catalog.setval('public.billing_customer_customer_id_seq', 3, true);


--
-- Name: billing_customerservice_customer_service_id_seq; Type: SEQUENCE SET; Schema: public; Owner: postgres
--

SELECT pg_catalog.setval('public.billing_customerservice_customer_service_id_seq', 1, false);


--
-- Name: billing_insert_insert_id_seq; Type: SEQUENCE SET; Schema: public; Owner: postgres
--

SELECT pg_catalog.setval('public.billing_insert_insert_id_seq', 1, false);


--
-- Name: billing_product_id_seq; Type: SEQUENCE SET; Schema: public; Owner: postgres
--

SELECT pg_catalog.setval('public.billing_product_id_seq', 1, false);


--
-- Name: billing_service_service_id_seq; Type: SEQUENCE SET; Schema: public; Owner: postgres
--

SELECT pg_catalog.setval('public.billing_service_service_id_seq', 3, true);


--
-- Name: billing_servicelog_log_id_seq; Type: SEQUENCE SET; Schema: public; Owner: postgres
--

SELECT pg_catalog.setval('public.billing_servicelog_log_id_seq', 1, false);


--
-- Name: customer_services_customer_service_id_seq; Type: SEQUENCE SET; Schema: public; Owner: postgres
--

SELECT pg_catalog.setval('public.customer_services_customer_service_id_seq', 25, true);


--
-- Name: customers_customer_id_seq; Type: SEQUENCE SET; Schema: public; Owner: postgres
--

SELECT pg_catalog.setval('public.customers_customer_id_seq', 1, false);


--
-- Name: customers_customer_id_seq1; Type: SEQUENCE SET; Schema: public; Owner: postgres
--

SELECT pg_catalog.setval('public.customers_customer_id_seq1', 2, true);


--
-- Name: django_admin_log_id_seq; Type: SEQUENCE SET; Schema: public; Owner: postgres
--

SELECT pg_catalog.setval('public.django_admin_log_id_seq', 7, true);


--
-- Name: django_content_type_id_seq; Type: SEQUENCE SET; Schema: public; Owner: postgres
--

SELECT pg_catalog.setval('public.django_content_type_id_seq', 13, true);


--
-- Name: django_migrations_id_seq; Type: SEQUENCE SET; Schema: public; Owner: postgres
--

SELECT pg_catalog.setval('public.django_migrations_id_seq', 22, true);


--
-- Name: inserts_insert_id_seq; Type: SEQUENCE SET; Schema: public; Owner: postgres
--

SELECT pg_catalog.setval('public.inserts_insert_id_seq', 2, true);


--
-- Name: service_logs_log_id_seq; Type: SEQUENCE SET; Schema: public; Owner: postgres
--

SELECT pg_catalog.setval('public.service_logs_log_id_seq', 1, false);


--
-- Name: services_service_id_seq; Type: SEQUENCE SET; Schema: public; Owner: postgres
--

SELECT pg_catalog.setval('public.services_service_id_seq', 61, true);


--
-- Name: auth_group auth_group_name_key; Type: CONSTRAINT; Schema: public; Owner: postgres
--

ALTER TABLE ONLY public.auth_group
    ADD CONSTRAINT auth_group_name_key UNIQUE (name);


--
-- Name: auth_group_permissions auth_group_permissions_group_id_permission_id_0cd325b0_uniq; Type: CONSTRAINT; Schema: public; Owner: postgres
--

ALTER TABLE ONLY public.auth_group_permissions
    ADD CONSTRAINT auth_group_permissions_group_id_permission_id_0cd325b0_uniq UNIQUE (group_id, permission_id);


--
-- Name: auth_group_permissions auth_group_permissions_pkey; Type: CONSTRAINT; Schema: public; Owner: postgres
--

ALTER TABLE ONLY public.auth_group_permissions
    ADD CONSTRAINT auth_group_permissions_pkey PRIMARY KEY (id);


--
-- Name: auth_group auth_group_pkey; Type: CONSTRAINT; Schema: public; Owner: postgres
--

ALTER TABLE ONLY public.auth_group
    ADD CONSTRAINT auth_group_pkey PRIMARY KEY (id);


--
-- Name: auth_permission auth_permission_content_type_id_codename_01ab375a_uniq; Type: CONSTRAINT; Schema: public; Owner: postgres
--

ALTER TABLE ONLY public.auth_permission
    ADD CONSTRAINT auth_permission_content_type_id_codename_01ab375a_uniq UNIQUE (content_type_id, codename);


--
-- Name: auth_permission auth_permission_pkey; Type: CONSTRAINT; Schema: public; Owner: postgres
--

ALTER TABLE ONLY public.auth_permission
    ADD CONSTRAINT auth_permission_pkey PRIMARY KEY (id);


--
-- Name: auth_user_groups auth_user_groups_pkey; Type: CONSTRAINT; Schema: public; Owner: postgres
--

ALTER TABLE ONLY public.auth_user_groups
    ADD CONSTRAINT auth_user_groups_pkey PRIMARY KEY (id);


--
-- Name: auth_user_groups auth_user_groups_user_id_group_id_94350c0c_uniq; Type: CONSTRAINT; Schema: public; Owner: postgres
--

ALTER TABLE ONLY public.auth_user_groups
    ADD CONSTRAINT auth_user_groups_user_id_group_id_94350c0c_uniq UNIQUE (user_id, group_id);


--
-- Name: auth_user auth_user_pkey; Type: CONSTRAINT; Schema: public; Owner: postgres
--

ALTER TABLE ONLY public.auth_user
    ADD CONSTRAINT auth_user_pkey PRIMARY KEY (id);


--
-- Name: auth_user_user_permissions auth_user_user_permissions_pkey; Type: CONSTRAINT; Schema: public; Owner: postgres
--

ALTER TABLE ONLY public.auth_user_user_permissions
    ADD CONSTRAINT auth_user_user_permissions_pkey PRIMARY KEY (id);


--
-- Name: auth_user_user_permissions auth_user_user_permissions_user_id_permission_id_14a6b632_uniq; Type: CONSTRAINT; Schema: public; Owner: postgres
--

ALTER TABLE ONLY public.auth_user_user_permissions
    ADD CONSTRAINT auth_user_user_permissions_user_id_permission_id_14a6b632_uniq UNIQUE (user_id, permission_id);


--
-- Name: auth_user auth_user_username_key; Type: CONSTRAINT; Schema: public; Owner: postgres
--

ALTER TABLE ONLY public.auth_user
    ADD CONSTRAINT auth_user_username_key UNIQUE (username);


--
-- Name: billing_customer billing_customer_email_key; Type: CONSTRAINT; Schema: public; Owner: postgres
--

ALTER TABLE ONLY public.billing_customer
    ADD CONSTRAINT billing_customer_email_key UNIQUE (email);


--
-- Name: billing_customer billing_customer_pkey; Type: CONSTRAINT; Schema: public; Owner: postgres
--

ALTER TABLE ONLY public.billing_customer
    ADD CONSTRAINT billing_customer_pkey PRIMARY KEY (customer_id);


--
-- Name: billing_customerservice billing_customerservice_customer_id_service_id_692907a2_uniq; Type: CONSTRAINT; Schema: public; Owner: postgres
--

ALTER TABLE ONLY public.billing_customerservice
    ADD CONSTRAINT billing_customerservice_customer_id_service_id_692907a2_uniq UNIQUE (customer_id, service_id);


--
-- Name: billing_customerservice billing_customerservice_pkey; Type: CONSTRAINT; Schema: public; Owner: postgres
--

ALTER TABLE ONLY public.billing_customerservice
    ADD CONSTRAINT billing_customerservice_pkey PRIMARY KEY (customer_service_id);


--
-- Name: billing_insert billing_insert_pkey; Type: CONSTRAINT; Schema: public; Owner: postgres
--

ALTER TABLE ONLY public.billing_insert
    ADD CONSTRAINT billing_insert_pkey PRIMARY KEY (insert_id);


--
-- Name: billing_order billing_order_pkey; Type: CONSTRAINT; Schema: public; Owner: postgres
--

ALTER TABLE ONLY public.billing_order
    ADD CONSTRAINT billing_order_pkey PRIMARY KEY (transaction_id);


--
-- Name: billing_product billing_product_pkey; Type: CONSTRAINT; Schema: public; Owner: postgres
--

ALTER TABLE ONLY public.billing_product
    ADD CONSTRAINT billing_product_pkey PRIMARY KEY (id);


--
-- Name: billing_product billing_product_sku_customer_id_52cecf01_uniq; Type: CONSTRAINT; Schema: public; Owner: postgres
--

ALTER TABLE ONLY public.billing_product
    ADD CONSTRAINT billing_product_sku_customer_id_52cecf01_uniq UNIQUE (sku, customer_id);


--
-- Name: billing_service billing_service_pkey; Type: CONSTRAINT; Schema: public; Owner: postgres
--

ALTER TABLE ONLY public.billing_service
    ADD CONSTRAINT billing_service_pkey PRIMARY KEY (service_id);


--
-- Name: billing_service billing_service_service_name_key; Type: CONSTRAINT; Schema: public; Owner: postgres
--

ALTER TABLE ONLY public.billing_service
    ADD CONSTRAINT billing_service_service_name_key UNIQUE (service_name);


--
-- Name: billing_servicelog billing_servicelog_pkey; Type: CONSTRAINT; Schema: public; Owner: postgres
--

ALTER TABLE ONLY public.billing_servicelog
    ADD CONSTRAINT billing_servicelog_pkey PRIMARY KEY (log_id);


--
-- Name: customer_services customer_services_customer_id_service_id_key; Type: CONSTRAINT; Schema: public; Owner: postgres
--

ALTER TABLE ONLY public.customer_services
    ADD CONSTRAINT customer_services_customer_id_service_id_key UNIQUE (customer_id, service_id);


--
-- Name: customer_services customer_services_pkey; Type: CONSTRAINT; Schema: public; Owner: postgres
--

ALTER TABLE ONLY public.customer_services
    ADD CONSTRAINT customer_services_pkey PRIMARY KEY (customer_service_id);


--
-- Name: customers customers_email_key; Type: CONSTRAINT; Schema: public; Owner: postgres
--

ALTER TABLE ONLY public.customers
    ADD CONSTRAINT customers_email_key UNIQUE (email);


--
-- Name: customers customers_pkey; Type: CONSTRAINT; Schema: public; Owner: postgres
--

ALTER TABLE ONLY public.customers
    ADD CONSTRAINT customers_pkey PRIMARY KEY (customer_id);


--
-- Name: django_admin_log django_admin_log_pkey; Type: CONSTRAINT; Schema: public; Owner: postgres
--

ALTER TABLE ONLY public.django_admin_log
    ADD CONSTRAINT django_admin_log_pkey PRIMARY KEY (id);


--
-- Name: django_content_type django_content_type_app_label_model_76bd3d3b_uniq; Type: CONSTRAINT; Schema: public; Owner: postgres
--

ALTER TABLE ONLY public.django_content_type
    ADD CONSTRAINT django_content_type_app_label_model_76bd3d3b_uniq UNIQUE (app_label, model);


--
-- Name: django_content_type django_content_type_pkey; Type: CONSTRAINT; Schema: public; Owner: postgres
--

ALTER TABLE ONLY public.django_content_type
    ADD CONSTRAINT django_content_type_pkey PRIMARY KEY (id);


--
-- Name: django_migrations django_migrations_pkey; Type: CONSTRAINT; Schema: public; Owner: postgres
--

ALTER TABLE ONLY public.django_migrations
    ADD CONSTRAINT django_migrations_pkey PRIMARY KEY (id);


--
-- Name: django_session django_session_pkey; Type: CONSTRAINT; Schema: public; Owner: postgres
--

ALTER TABLE ONLY public.django_session
    ADD CONSTRAINT django_session_pkey PRIMARY KEY (session_key);


--
-- Name: inserts inserts_pkey; Type: CONSTRAINT; Schema: public; Owner: postgres
--

ALTER TABLE ONLY public.inserts
    ADD CONSTRAINT inserts_pkey PRIMARY KEY (insert_id);


--
-- Name: orders orders_pkey; Type: CONSTRAINT; Schema: public; Owner: postgres
--

ALTER TABLE ONLY public.orders
    ADD CONSTRAINT orders_pkey PRIMARY KEY (transaction_id);


--
-- Name: products products_pkey; Type: CONSTRAINT; Schema: public; Owner: postgres
--

ALTER TABLE ONLY public.products
    ADD CONSTRAINT products_pkey PRIMARY KEY (sku, customer_id);


--
-- Name: products_partition_0 products_partition_0_pkey; Type: CONSTRAINT; Schema: public; Owner: postgres
--

ALTER TABLE ONLY public.products_partition_0
    ADD CONSTRAINT products_partition_0_pkey PRIMARY KEY (sku, customer_id);


--
-- Name: products_partition_10 products_partition_10_pkey; Type: CONSTRAINT; Schema: public; Owner: postgres
--

ALTER TABLE ONLY public.products_partition_10
    ADD CONSTRAINT products_partition_10_pkey PRIMARY KEY (sku, customer_id);


--
-- Name: products_partition_11 products_partition_11_pkey; Type: CONSTRAINT; Schema: public; Owner: postgres
--

ALTER TABLE ONLY public.products_partition_11
    ADD CONSTRAINT products_partition_11_pkey PRIMARY KEY (sku, customer_id);


--
-- Name: products_partition_12 products_partition_12_pkey; Type: CONSTRAINT; Schema: public; Owner: postgres
--

ALTER TABLE ONLY public.products_partition_12
    ADD CONSTRAINT products_partition_12_pkey PRIMARY KEY (sku, customer_id);


--
-- Name: products_partition_13 products_partition_13_pkey; Type: CONSTRAINT; Schema: public; Owner: postgres
--

ALTER TABLE ONLY public.products_partition_13
    ADD CONSTRAINT products_partition_13_pkey PRIMARY KEY (sku, customer_id);


--
-- Name: products_partition_14 products_partition_14_pkey; Type: CONSTRAINT; Schema: public; Owner: postgres
--

ALTER TABLE ONLY public.products_partition_14
    ADD CONSTRAINT products_partition_14_pkey PRIMARY KEY (sku, customer_id);


--
-- Name: products_partition_15 products_partition_15_pkey; Type: CONSTRAINT; Schema: public; Owner: postgres
--

ALTER TABLE ONLY public.products_partition_15
    ADD CONSTRAINT products_partition_15_pkey PRIMARY KEY (sku, customer_id);


--
-- Name: products_partition_16 products_partition_16_pkey; Type: CONSTRAINT; Schema: public; Owner: postgres
--

ALTER TABLE ONLY public.products_partition_16
    ADD CONSTRAINT products_partition_16_pkey PRIMARY KEY (sku, customer_id);


--
-- Name: products_partition_17 products_partition_17_pkey; Type: CONSTRAINT; Schema: public; Owner: postgres
--

ALTER TABLE ONLY public.products_partition_17
    ADD CONSTRAINT products_partition_17_pkey PRIMARY KEY (sku, customer_id);


--
-- Name: products_partition_18 products_partition_18_pkey; Type: CONSTRAINT; Schema: public; Owner: postgres
--

ALTER TABLE ONLY public.products_partition_18
    ADD CONSTRAINT products_partition_18_pkey PRIMARY KEY (sku, customer_id);


--
-- Name: products_partition_19 products_partition_19_pkey; Type: CONSTRAINT; Schema: public; Owner: postgres
--

ALTER TABLE ONLY public.products_partition_19
    ADD CONSTRAINT products_partition_19_pkey PRIMARY KEY (sku, customer_id);


--
-- Name: products_partition_1 products_partition_1_pkey; Type: CONSTRAINT; Schema: public; Owner: postgres
--

ALTER TABLE ONLY public.products_partition_1
    ADD CONSTRAINT products_partition_1_pkey PRIMARY KEY (sku, customer_id);


--
-- Name: products_partition_2 products_partition_2_pkey; Type: CONSTRAINT; Schema: public; Owner: postgres
--

ALTER TABLE ONLY public.products_partition_2
    ADD CONSTRAINT products_partition_2_pkey PRIMARY KEY (sku, customer_id);


--
-- Name: products_partition_3 products_partition_3_pkey; Type: CONSTRAINT; Schema: public; Owner: postgres
--

ALTER TABLE ONLY public.products_partition_3
    ADD CONSTRAINT products_partition_3_pkey PRIMARY KEY (sku, customer_id);


--
-- Name: products_partition_4 products_partition_4_pkey; Type: CONSTRAINT; Schema: public; Owner: postgres
--

ALTER TABLE ONLY public.products_partition_4
    ADD CONSTRAINT products_partition_4_pkey PRIMARY KEY (sku, customer_id);


--
-- Name: products_partition_5 products_partition_5_pkey; Type: CONSTRAINT; Schema: public; Owner: postgres
--

ALTER TABLE ONLY public.products_partition_5
    ADD CONSTRAINT products_partition_5_pkey PRIMARY KEY (sku, customer_id);


--
-- Name: products_partition_6 products_partition_6_pkey; Type: CONSTRAINT; Schema: public; Owner: postgres
--

ALTER TABLE ONLY public.products_partition_6
    ADD CONSTRAINT products_partition_6_pkey PRIMARY KEY (sku, customer_id);


--
-- Name: products_partition_7 products_partition_7_pkey; Type: CONSTRAINT; Schema: public; Owner: postgres
--

ALTER TABLE ONLY public.products_partition_7
    ADD CONSTRAINT products_partition_7_pkey PRIMARY KEY (sku, customer_id);


--
-- Name: products_partition_8 products_partition_8_pkey; Type: CONSTRAINT; Schema: public; Owner: postgres
--

ALTER TABLE ONLY public.products_partition_8
    ADD CONSTRAINT products_partition_8_pkey PRIMARY KEY (sku, customer_id);


--
-- Name: products_partition_9 products_partition_9_pkey; Type: CONSTRAINT; Schema: public; Owner: postgres
--

ALTER TABLE ONLY public.products_partition_9
    ADD CONSTRAINT products_partition_9_pkey PRIMARY KEY (sku, customer_id);


--
-- Name: service_logs service_logs_pkey; Type: CONSTRAINT; Schema: public; Owner: postgres
--

ALTER TABLE ONLY public.service_logs
    ADD CONSTRAINT service_logs_pkey PRIMARY KEY (log_id);


--
-- Name: services services_pkey; Type: CONSTRAINT; Schema: public; Owner: postgres
--

ALTER TABLE ONLY public.services
    ADD CONSTRAINT services_pkey PRIMARY KEY (service_id);


--
-- Name: services services_service_name_key; Type: CONSTRAINT; Schema: public; Owner: postgres
--

ALTER TABLE ONLY public.services
    ADD CONSTRAINT services_service_name_key UNIQUE (service_name);


--
-- Name: auth_group_name_a6ea08ec_like; Type: INDEX; Schema: public; Owner: postgres
--

CREATE INDEX auth_group_name_a6ea08ec_like ON public.auth_group USING btree (name varchar_pattern_ops);


--
-- Name: auth_group_permissions_group_id_b120cbf9; Type: INDEX; Schema: public; Owner: postgres
--

CREATE INDEX auth_group_permissions_group_id_b120cbf9 ON public.auth_group_permissions USING btree (group_id);


--
-- Name: auth_group_permissions_permission_id_84c5c92e; Type: INDEX; Schema: public; Owner: postgres
--

CREATE INDEX auth_group_permissions_permission_id_84c5c92e ON public.auth_group_permissions USING btree (permission_id);


--
-- Name: auth_permission_content_type_id_2f476e4b; Type: INDEX; Schema: public; Owner: postgres
--

CREATE INDEX auth_permission_content_type_id_2f476e4b ON public.auth_permission USING btree (content_type_id);


--
-- Name: auth_user_groups_group_id_97559544; Type: INDEX; Schema: public; Owner: postgres
--

CREATE INDEX auth_user_groups_group_id_97559544 ON public.auth_user_groups USING btree (group_id);


--
-- Name: auth_user_groups_user_id_6a12ed8b; Type: INDEX; Schema: public; Owner: postgres
--

CREATE INDEX auth_user_groups_user_id_6a12ed8b ON public.auth_user_groups USING btree (user_id);


--
-- Name: auth_user_user_permissions_permission_id_1fbb5f2c; Type: INDEX; Schema: public; Owner: postgres
--

CREATE INDEX auth_user_user_permissions_permission_id_1fbb5f2c ON public.auth_user_user_permissions USING btree (permission_id);


--
-- Name: auth_user_user_permissions_user_id_a95ead1b; Type: INDEX; Schema: public; Owner: postgres
--

CREATE INDEX auth_user_user_permissions_user_id_a95ead1b ON public.auth_user_user_permissions USING btree (user_id);


--
-- Name: auth_user_username_6821ab7c_like; Type: INDEX; Schema: public; Owner: postgres
--

CREATE INDEX auth_user_username_6821ab7c_like ON public.auth_user USING btree (username varchar_pattern_ops);


--
-- Name: billing_customer_email_ce101ff3_like; Type: INDEX; Schema: public; Owner: postgres
--

CREATE INDEX billing_customer_email_ce101ff3_like ON public.billing_customer USING btree (email varchar_pattern_ops);


--
-- Name: billing_customerservice_customer_id_dbbd91d3; Type: INDEX; Schema: public; Owner: postgres
--

CREATE INDEX billing_customerservice_customer_id_dbbd91d3 ON public.billing_customerservice USING btree (customer_id);


--
-- Name: billing_customerservice_service_id_7bf2f410; Type: INDEX; Schema: public; Owner: postgres
--

CREATE INDEX billing_customerservice_service_id_7bf2f410 ON public.billing_customerservice USING btree (service_id);


--
-- Name: billing_insert_customer_id_657ae49d; Type: INDEX; Schema: public; Owner: postgres
--

CREATE INDEX billing_insert_customer_id_657ae49d ON public.billing_insert USING btree (customer_id);


--
-- Name: billing_order_customer_id_42dbafab; Type: INDEX; Schema: public; Owner: postgres
--

CREATE INDEX billing_order_customer_id_42dbafab ON public.billing_order USING btree (customer_id);


--
-- Name: billing_product_customer_id_0393b97a; Type: INDEX; Schema: public; Owner: postgres
--

CREATE INDEX billing_product_customer_id_0393b97a ON public.billing_product USING btree (customer_id);


--
-- Name: billing_service_service_name_71f96ed4_like; Type: INDEX; Schema: public; Owner: postgres
--

CREATE INDEX billing_service_service_name_71f96ed4_like ON public.billing_service USING btree (service_name varchar_pattern_ops);


--
-- Name: billing_servicelog_customer_id_065d40c7; Type: INDEX; Schema: public; Owner: postgres
--

CREATE INDEX billing_servicelog_customer_id_065d40c7 ON public.billing_servicelog USING btree (customer_id);


--
-- Name: billing_servicelog_service_id_b596f7bb; Type: INDEX; Schema: public; Owner: postgres
--

CREATE INDEX billing_servicelog_service_id_b596f7bb ON public.billing_servicelog USING btree (service_id);


--
-- Name: django_admin_log_content_type_id_c4bce8eb; Type: INDEX; Schema: public; Owner: postgres
--

CREATE INDEX django_admin_log_content_type_id_c4bce8eb ON public.django_admin_log USING btree (content_type_id);


--
-- Name: django_admin_log_user_id_c564eba6; Type: INDEX; Schema: public; Owner: postgres
--

CREATE INDEX django_admin_log_user_id_c564eba6 ON public.django_admin_log USING btree (user_id);


--
-- Name: django_session_expire_date_a5c62663; Type: INDEX; Schema: public; Owner: postgres
--

CREATE INDEX django_session_expire_date_a5c62663 ON public.django_session USING btree (expire_date);


--
-- Name: django_session_session_key_c0390e0f_like; Type: INDEX; Schema: public; Owner: postgres
--

CREATE INDEX django_session_session_key_c0390e0f_like ON public.django_session USING btree (session_key varchar_pattern_ops);


--
-- Name: idx_cust_svc_cust_id; Type: INDEX; Schema: public; Owner: postgres
--

CREATE INDEX idx_cust_svc_cust_id ON public.billing_customerservice USING btree (customer_id);


--
-- Name: idx_cust_svc_svc_id; Type: INDEX; Schema: public; Owner: postgres
--

CREATE INDEX idx_cust_svc_svc_id ON public.billing_customerservice USING btree (service_id);


--
-- Name: idx_customer_services_customer_id; Type: INDEX; Schema: public; Owner: postgres
--

CREATE INDEX idx_customer_services_customer_id ON public.customer_services USING btree (customer_id);


--
-- Name: idx_customer_services_service_id; Type: INDEX; Schema: public; Owner: postgres
--

CREATE INDEX idx_customer_services_service_id ON public.customer_services USING btree (service_id);


--
-- Name: idx_ins_sku_cust_id; Type: INDEX; Schema: public; Owner: postgres
--

CREATE INDEX idx_ins_sku_cust_id ON public.billing_insert USING btree (sku, customer_id);


--
-- Name: idx_inserts_sku_customer_id; Type: INDEX; Schema: public; Owner: postgres
--

CREATE INDEX idx_inserts_sku_customer_id ON public.inserts USING btree (sku, customer_id);


--
-- Name: idx_orders_create_date; Type: INDEX; Schema: public; Owner: postgres
--

CREATE INDEX idx_orders_create_date ON public.billing_order USING btree (create_date);


--
-- Name: idx_orders_customer_id; Type: INDEX; Schema: public; Owner: postgres
--

CREATE INDEX idx_orders_customer_id ON public.billing_order USING btree (customer_id);


--
-- Name: idx_orders_reference_number; Type: INDEX; Schema: public; Owner: postgres
--

CREATE INDEX idx_orders_reference_number ON public.billing_order USING btree (reference_number);


--
-- Name: idx_orders_status; Type: INDEX; Schema: public; Owner: postgres
--

CREATE INDEX idx_orders_status ON public.billing_order USING btree (status);


--
-- Name: idx_orders_tracking_number; Type: INDEX; Schema: public; Owner: postgres
--

CREATE INDEX idx_orders_tracking_number ON public.billing_order USING btree (tracking_number);


--
-- Name: idx_orders_transaction_id; Type: INDEX; Schema: public; Owner: postgres
--

CREATE INDEX idx_orders_transaction_id ON public.billing_order USING btree (transaction_id);


--
-- Name: idx_prod_cust_id; Type: INDEX; Schema: public; Owner: postgres
--

CREATE INDEX idx_prod_cust_id ON public.billing_product USING btree (customer_id);


--
-- Name: idx_products_customer_id; Type: INDEX; Schema: public; Owner: postgres
--

CREATE INDEX idx_products_customer_id ON ONLY public.products USING btree (customer_id);


--
-- Name: idx_service_logs_customer_id; Type: INDEX; Schema: public; Owner: postgres
--

CREATE INDEX idx_service_logs_customer_id ON public.service_logs USING btree (customer_id);


--
-- Name: idx_service_logs_service_id; Type: INDEX; Schema: public; Owner: postgres
--

CREATE INDEX idx_service_logs_service_id ON public.service_logs USING btree (service_id);


--
-- Name: idx_service_logs_sku_customer_id; Type: INDEX; Schema: public; Owner: postgres
--

CREATE INDEX idx_service_logs_sku_customer_id ON public.service_logs USING btree (sku, customer_id);


--
-- Name: idx_svc_logs_cust_id; Type: INDEX; Schema: public; Owner: postgres
--

CREATE INDEX idx_svc_logs_cust_id ON public.billing_servicelog USING btree (customer_id);


--
-- Name: idx_svc_logs_sku_cust_id; Type: INDEX; Schema: public; Owner: postgres
--

CREATE INDEX idx_svc_logs_sku_cust_id ON public.billing_servicelog USING btree (sku, customer_id);


--
-- Name: idx_svc_logs_svc_id; Type: INDEX; Schema: public; Owner: postgres
--

CREATE INDEX idx_svc_logs_svc_id ON public.billing_servicelog USING btree (service_id);


--
-- Name: products_partition_0_customer_id_idx; Type: INDEX; Schema: public; Owner: postgres
--

CREATE INDEX products_partition_0_customer_id_idx ON public.products_partition_0 USING btree (customer_id);


--
-- Name: products_partition_10_customer_id_idx; Type: INDEX; Schema: public; Owner: postgres
--

CREATE INDEX products_partition_10_customer_id_idx ON public.products_partition_10 USING btree (customer_id);


--
-- Name: products_partition_11_customer_id_idx; Type: INDEX; Schema: public; Owner: postgres
--

CREATE INDEX products_partition_11_customer_id_idx ON public.products_partition_11 USING btree (customer_id);


--
-- Name: products_partition_12_customer_id_idx; Type: INDEX; Schema: public; Owner: postgres
--

CREATE INDEX products_partition_12_customer_id_idx ON public.products_partition_12 USING btree (customer_id);


--
-- Name: products_partition_13_customer_id_idx; Type: INDEX; Schema: public; Owner: postgres
--

CREATE INDEX products_partition_13_customer_id_idx ON public.products_partition_13 USING btree (customer_id);


--
-- Name: products_partition_14_customer_id_idx; Type: INDEX; Schema: public; Owner: postgres
--

CREATE INDEX products_partition_14_customer_id_idx ON public.products_partition_14 USING btree (customer_id);


--
-- Name: products_partition_15_customer_id_idx; Type: INDEX; Schema: public; Owner: postgres
--

CREATE INDEX products_partition_15_customer_id_idx ON public.products_partition_15 USING btree (customer_id);


--
-- Name: products_partition_16_customer_id_idx; Type: INDEX; Schema: public; Owner: postgres
--

CREATE INDEX products_partition_16_customer_id_idx ON public.products_partition_16 USING btree (customer_id);


--
-- Name: products_partition_17_customer_id_idx; Type: INDEX; Schema: public; Owner: postgres
--

CREATE INDEX products_partition_17_customer_id_idx ON public.products_partition_17 USING btree (customer_id);


--
-- Name: products_partition_18_customer_id_idx; Type: INDEX; Schema: public; Owner: postgres
--

CREATE INDEX products_partition_18_customer_id_idx ON public.products_partition_18 USING btree (customer_id);


--
-- Name: products_partition_19_customer_id_idx; Type: INDEX; Schema: public; Owner: postgres
--

CREATE INDEX products_partition_19_customer_id_idx ON public.products_partition_19 USING btree (customer_id);


--
-- Name: products_partition_1_customer_id_idx; Type: INDEX; Schema: public; Owner: postgres
--

CREATE INDEX products_partition_1_customer_id_idx ON public.products_partition_1 USING btree (customer_id);


--
-- Name: products_partition_2_customer_id_idx; Type: INDEX; Schema: public; Owner: postgres
--

CREATE INDEX products_partition_2_customer_id_idx ON public.products_partition_2 USING btree (customer_id);


--
-- Name: products_partition_3_customer_id_idx; Type: INDEX; Schema: public; Owner: postgres
--

CREATE INDEX products_partition_3_customer_id_idx ON public.products_partition_3 USING btree (customer_id);


--
-- Name: products_partition_4_customer_id_idx; Type: INDEX; Schema: public; Owner: postgres
--

CREATE INDEX products_partition_4_customer_id_idx ON public.products_partition_4 USING btree (customer_id);


--
-- Name: products_partition_5_customer_id_idx; Type: INDEX; Schema: public; Owner: postgres
--

CREATE INDEX products_partition_5_customer_id_idx ON public.products_partition_5 USING btree (customer_id);


--
-- Name: products_partition_6_customer_id_idx; Type: INDEX; Schema: public; Owner: postgres
--

CREATE INDEX products_partition_6_customer_id_idx ON public.products_partition_6 USING btree (customer_id);


--
-- Name: products_partition_7_customer_id_idx; Type: INDEX; Schema: public; Owner: postgres
--

CREATE INDEX products_partition_7_customer_id_idx ON public.products_partition_7 USING btree (customer_id);


--
-- Name: products_partition_8_customer_id_idx; Type: INDEX; Schema: public; Owner: postgres
--

CREATE INDEX products_partition_8_customer_id_idx ON public.products_partition_8 USING btree (customer_id);


--
-- Name: products_partition_9_customer_id_idx; Type: INDEX; Schema: public; Owner: postgres
--

CREATE INDEX products_partition_9_customer_id_idx ON public.products_partition_9 USING btree (customer_id);


--
-- Name: products_partition_0_customer_id_idx; Type: INDEX ATTACH; Schema: public; Owner: postgres
--

ALTER INDEX public.idx_products_customer_id ATTACH PARTITION public.products_partition_0_customer_id_idx;


--
-- Name: products_partition_0_pkey; Type: INDEX ATTACH; Schema: public; Owner: postgres
--

ALTER INDEX public.products_pkey ATTACH PARTITION public.products_partition_0_pkey;


--
-- Name: products_partition_10_customer_id_idx; Type: INDEX ATTACH; Schema: public; Owner: postgres
--

ALTER INDEX public.idx_products_customer_id ATTACH PARTITION public.products_partition_10_customer_id_idx;


--
-- Name: products_partition_10_pkey; Type: INDEX ATTACH; Schema: public; Owner: postgres
--

ALTER INDEX public.products_pkey ATTACH PARTITION public.products_partition_10_pkey;


--
-- Name: products_partition_11_customer_id_idx; Type: INDEX ATTACH; Schema: public; Owner: postgres
--

ALTER INDEX public.idx_products_customer_id ATTACH PARTITION public.products_partition_11_customer_id_idx;


--
-- Name: products_partition_11_pkey; Type: INDEX ATTACH; Schema: public; Owner: postgres
--

ALTER INDEX public.products_pkey ATTACH PARTITION public.products_partition_11_pkey;


--
-- Name: products_partition_12_customer_id_idx; Type: INDEX ATTACH; Schema: public; Owner: postgres
--

ALTER INDEX public.idx_products_customer_id ATTACH PARTITION public.products_partition_12_customer_id_idx;


--
-- Name: products_partition_12_pkey; Type: INDEX ATTACH; Schema: public; Owner: postgres
--

ALTER INDEX public.products_pkey ATTACH PARTITION public.products_partition_12_pkey;


--
-- Name: products_partition_13_customer_id_idx; Type: INDEX ATTACH; Schema: public; Owner: postgres
--

ALTER INDEX public.idx_products_customer_id ATTACH PARTITION public.products_partition_13_customer_id_idx;


--
-- Name: products_partition_13_pkey; Type: INDEX ATTACH; Schema: public; Owner: postgres
--

ALTER INDEX public.products_pkey ATTACH PARTITION public.products_partition_13_pkey;


--
-- Name: products_partition_14_customer_id_idx; Type: INDEX ATTACH; Schema: public; Owner: postgres
--

ALTER INDEX public.idx_products_customer_id ATTACH PARTITION public.products_partition_14_customer_id_idx;


--
-- Name: products_partition_14_pkey; Type: INDEX ATTACH; Schema: public; Owner: postgres
--

ALTER INDEX public.products_pkey ATTACH PARTITION public.products_partition_14_pkey;


--
-- Name: products_partition_15_customer_id_idx; Type: INDEX ATTACH; Schema: public; Owner: postgres
--

ALTER INDEX public.idx_products_customer_id ATTACH PARTITION public.products_partition_15_customer_id_idx;


--
-- Name: products_partition_15_pkey; Type: INDEX ATTACH; Schema: public; Owner: postgres
--

ALTER INDEX public.products_pkey ATTACH PARTITION public.products_partition_15_pkey;


--
-- Name: products_partition_16_customer_id_idx; Type: INDEX ATTACH; Schema: public; Owner: postgres
--

ALTER INDEX public.idx_products_customer_id ATTACH PARTITION public.products_partition_16_customer_id_idx;


--
-- Name: products_partition_16_pkey; Type: INDEX ATTACH; Schema: public; Owner: postgres
--

ALTER INDEX public.products_pkey ATTACH PARTITION public.products_partition_16_pkey;


--
-- Name: products_partition_17_customer_id_idx; Type: INDEX ATTACH; Schema: public; Owner: postgres
--

ALTER INDEX public.idx_products_customer_id ATTACH PARTITION public.products_partition_17_customer_id_idx;


--
-- Name: products_partition_17_pkey; Type: INDEX ATTACH; Schema: public; Owner: postgres
--

ALTER INDEX public.products_pkey ATTACH PARTITION public.products_partition_17_pkey;


--
-- Name: products_partition_18_customer_id_idx; Type: INDEX ATTACH; Schema: public; Owner: postgres
--

ALTER INDEX public.idx_products_customer_id ATTACH PARTITION public.products_partition_18_customer_id_idx;


--
-- Name: products_partition_18_pkey; Type: INDEX ATTACH; Schema: public; Owner: postgres
--

ALTER INDEX public.products_pkey ATTACH PARTITION public.products_partition_18_pkey;


--
-- Name: products_partition_19_customer_id_idx; Type: INDEX ATTACH; Schema: public; Owner: postgres
--

ALTER INDEX public.idx_products_customer_id ATTACH PARTITION public.products_partition_19_customer_id_idx;


--
-- Name: products_partition_19_pkey; Type: INDEX ATTACH; Schema: public; Owner: postgres
--

ALTER INDEX public.products_pkey ATTACH PARTITION public.products_partition_19_pkey;


--
-- Name: products_partition_1_customer_id_idx; Type: INDEX ATTACH; Schema: public; Owner: postgres
--

ALTER INDEX public.idx_products_customer_id ATTACH PARTITION public.products_partition_1_customer_id_idx;


--
-- Name: products_partition_1_pkey; Type: INDEX ATTACH; Schema: public; Owner: postgres
--

ALTER INDEX public.products_pkey ATTACH PARTITION public.products_partition_1_pkey;


--
-- Name: products_partition_2_customer_id_idx; Type: INDEX ATTACH; Schema: public; Owner: postgres
--

ALTER INDEX public.idx_products_customer_id ATTACH PARTITION public.products_partition_2_customer_id_idx;


--
-- Name: products_partition_2_pkey; Type: INDEX ATTACH; Schema: public; Owner: postgres
--

ALTER INDEX public.products_pkey ATTACH PARTITION public.products_partition_2_pkey;


--
-- Name: products_partition_3_customer_id_idx; Type: INDEX ATTACH; Schema: public; Owner: postgres
--

ALTER INDEX public.idx_products_customer_id ATTACH PARTITION public.products_partition_3_customer_id_idx;


--
-- Name: products_partition_3_pkey; Type: INDEX ATTACH; Schema: public; Owner: postgres
--

ALTER INDEX public.products_pkey ATTACH PARTITION public.products_partition_3_pkey;


--
-- Name: products_partition_4_customer_id_idx; Type: INDEX ATTACH; Schema: public; Owner: postgres
--

ALTER INDEX public.idx_products_customer_id ATTACH PARTITION public.products_partition_4_customer_id_idx;


--
-- Name: products_partition_4_pkey; Type: INDEX ATTACH; Schema: public; Owner: postgres
--

ALTER INDEX public.products_pkey ATTACH PARTITION public.products_partition_4_pkey;


--
-- Name: products_partition_5_customer_id_idx; Type: INDEX ATTACH; Schema: public; Owner: postgres
--

ALTER INDEX public.idx_products_customer_id ATTACH PARTITION public.products_partition_5_customer_id_idx;


--
-- Name: products_partition_5_pkey; Type: INDEX ATTACH; Schema: public; Owner: postgres
--

ALTER INDEX public.products_pkey ATTACH PARTITION public.products_partition_5_pkey;


--
-- Name: products_partition_6_customer_id_idx; Type: INDEX ATTACH; Schema: public; Owner: postgres
--

ALTER INDEX public.idx_products_customer_id ATTACH PARTITION public.products_partition_6_customer_id_idx;


--
-- Name: products_partition_6_pkey; Type: INDEX ATTACH; Schema: public; Owner: postgres
--

ALTER INDEX public.products_pkey ATTACH PARTITION public.products_partition_6_pkey;


--
-- Name: products_partition_7_customer_id_idx; Type: INDEX ATTACH; Schema: public; Owner: postgres
--

ALTER INDEX public.idx_products_customer_id ATTACH PARTITION public.products_partition_7_customer_id_idx;


--
-- Name: products_partition_7_pkey; Type: INDEX ATTACH; Schema: public; Owner: postgres
--

ALTER INDEX public.products_pkey ATTACH PARTITION public.products_partition_7_pkey;


--
-- Name: products_partition_8_customer_id_idx; Type: INDEX ATTACH; Schema: public; Owner: postgres
--

ALTER INDEX public.idx_products_customer_id ATTACH PARTITION public.products_partition_8_customer_id_idx;


--
-- Name: products_partition_8_pkey; Type: INDEX ATTACH; Schema: public; Owner: postgres
--

ALTER INDEX public.products_pkey ATTACH PARTITION public.products_partition_8_pkey;


--
-- Name: products_partition_9_customer_id_idx; Type: INDEX ATTACH; Schema: public; Owner: postgres
--

ALTER INDEX public.idx_products_customer_id ATTACH PARTITION public.products_partition_9_customer_id_idx;


--
-- Name: products_partition_9_pkey; Type: INDEX ATTACH; Schema: public; Owner: postgres
--

ALTER INDEX public.products_pkey ATTACH PARTITION public.products_partition_9_pkey;


--
-- Name: orders update_orders_updated_at; Type: TRIGGER; Schema: public; Owner: postgres
--

CREATE TRIGGER update_orders_updated_at BEFORE UPDATE ON public.orders FOR EACH ROW EXECUTE FUNCTION public.update_updated_at_column();


--
-- Name: auth_group_permissions auth_group_permissio_permission_id_84c5c92e_fk_auth_perm; Type: FK CONSTRAINT; Schema: public; Owner: postgres
--

ALTER TABLE ONLY public.auth_group_permissions
    ADD CONSTRAINT auth_group_permissio_permission_id_84c5c92e_fk_auth_perm FOREIGN KEY (permission_id) REFERENCES public.auth_permission(id) DEFERRABLE INITIALLY DEFERRED;


--
-- Name: auth_group_permissions auth_group_permissions_group_id_b120cbf9_fk_auth_group_id; Type: FK CONSTRAINT; Schema: public; Owner: postgres
--

ALTER TABLE ONLY public.auth_group_permissions
    ADD CONSTRAINT auth_group_permissions_group_id_b120cbf9_fk_auth_group_id FOREIGN KEY (group_id) REFERENCES public.auth_group(id) DEFERRABLE INITIALLY DEFERRED;


--
-- Name: auth_permission auth_permission_content_type_id_2f476e4b_fk_django_co; Type: FK CONSTRAINT; Schema: public; Owner: postgres
--

ALTER TABLE ONLY public.auth_permission
    ADD CONSTRAINT auth_permission_content_type_id_2f476e4b_fk_django_co FOREIGN KEY (content_type_id) REFERENCES public.django_content_type(id) DEFERRABLE INITIALLY DEFERRED;


--
-- Name: auth_user_groups auth_user_groups_group_id_97559544_fk_auth_group_id; Type: FK CONSTRAINT; Schema: public; Owner: postgres
--

ALTER TABLE ONLY public.auth_user_groups
    ADD CONSTRAINT auth_user_groups_group_id_97559544_fk_auth_group_id FOREIGN KEY (group_id) REFERENCES public.auth_group(id) DEFERRABLE INITIALLY DEFERRED;


--
-- Name: auth_user_groups auth_user_groups_user_id_6a12ed8b_fk_auth_user_id; Type: FK CONSTRAINT; Schema: public; Owner: postgres
--

ALTER TABLE ONLY public.auth_user_groups
    ADD CONSTRAINT auth_user_groups_user_id_6a12ed8b_fk_auth_user_id FOREIGN KEY (user_id) REFERENCES public.auth_user(id) DEFERRABLE INITIALLY DEFERRED;


--
-- Name: auth_user_user_permissions auth_user_user_permi_permission_id_1fbb5f2c_fk_auth_perm; Type: FK CONSTRAINT; Schema: public; Owner: postgres
--

ALTER TABLE ONLY public.auth_user_user_permissions
    ADD CONSTRAINT auth_user_user_permi_permission_id_1fbb5f2c_fk_auth_perm FOREIGN KEY (permission_id) REFERENCES public.auth_permission(id) DEFERRABLE INITIALLY DEFERRED;


--
-- Name: auth_user_user_permissions auth_user_user_permissions_user_id_a95ead1b_fk_auth_user_id; Type: FK CONSTRAINT; Schema: public; Owner: postgres
--

ALTER TABLE ONLY public.auth_user_user_permissions
    ADD CONSTRAINT auth_user_user_permissions_user_id_a95ead1b_fk_auth_user_id FOREIGN KEY (user_id) REFERENCES public.auth_user(id) DEFERRABLE INITIALLY DEFERRED;


--
-- Name: billing_customerservice billing_customerserv_customer_id_dbbd91d3_fk_billing_c; Type: FK CONSTRAINT; Schema: public; Owner: postgres
--

ALTER TABLE ONLY public.billing_customerservice
    ADD CONSTRAINT billing_customerserv_customer_id_dbbd91d3_fk_billing_c FOREIGN KEY (customer_id) REFERENCES public.billing_customer(customer_id) DEFERRABLE INITIALLY DEFERRED;


--
-- Name: billing_customerservice billing_customerserv_service_id_7bf2f410_fk_billing_s; Type: FK CONSTRAINT; Schema: public; Owner: postgres
--

ALTER TABLE ONLY public.billing_customerservice
    ADD CONSTRAINT billing_customerserv_service_id_7bf2f410_fk_billing_s FOREIGN KEY (service_id) REFERENCES public.billing_service(service_id) DEFERRABLE INITIALLY DEFERRED;


--
-- Name: billing_insert billing_insert_customer_id_657ae49d_fk_billing_c; Type: FK CONSTRAINT; Schema: public; Owner: postgres
--

ALTER TABLE ONLY public.billing_insert
    ADD CONSTRAINT billing_insert_customer_id_657ae49d_fk_billing_c FOREIGN KEY (customer_id) REFERENCES public.billing_customer(customer_id) DEFERRABLE INITIALLY DEFERRED;


--
-- Name: billing_order billing_order_customer_id_42dbafab_fk_billing_c; Type: FK CONSTRAINT; Schema: public; Owner: postgres
--

ALTER TABLE ONLY public.billing_order
    ADD CONSTRAINT billing_order_customer_id_42dbafab_fk_billing_c FOREIGN KEY (customer_id) REFERENCES public.billing_customer(customer_id) DEFERRABLE INITIALLY DEFERRED;


--
-- Name: billing_product billing_product_customer_id_0393b97a_fk_billing_c; Type: FK CONSTRAINT; Schema: public; Owner: postgres
--

ALTER TABLE ONLY public.billing_product
    ADD CONSTRAINT billing_product_customer_id_0393b97a_fk_billing_c FOREIGN KEY (customer_id) REFERENCES public.billing_customer(customer_id) DEFERRABLE INITIALLY DEFERRED;


--
-- Name: billing_servicelog billing_servicelog_customer_id_065d40c7_fk_billing_c; Type: FK CONSTRAINT; Schema: public; Owner: postgres
--

ALTER TABLE ONLY public.billing_servicelog
    ADD CONSTRAINT billing_servicelog_customer_id_065d40c7_fk_billing_c FOREIGN KEY (customer_id) REFERENCES public.billing_customer(customer_id) DEFERRABLE INITIALLY DEFERRED;


--
-- Name: billing_servicelog billing_servicelog_service_id_b596f7bb_fk_billing_s; Type: FK CONSTRAINT; Schema: public; Owner: postgres
--

ALTER TABLE ONLY public.billing_servicelog
    ADD CONSTRAINT billing_servicelog_service_id_b596f7bb_fk_billing_s FOREIGN KEY (service_id) REFERENCES public.billing_service(service_id) DEFERRABLE INITIALLY DEFERRED;


--
-- Name: customer_services customer_services_customer_id_fkey; Type: FK CONSTRAINT; Schema: public; Owner: postgres
--

ALTER TABLE ONLY public.customer_services
    ADD CONSTRAINT customer_services_customer_id_fkey FOREIGN KEY (customer_id) REFERENCES public.customers(customer_id) ON DELETE CASCADE;


--
-- Name: customer_services customer_services_service_id_fkey; Type: FK CONSTRAINT; Schema: public; Owner: postgres
--

ALTER TABLE ONLY public.customer_services
    ADD CONSTRAINT customer_services_service_id_fkey FOREIGN KEY (service_id) REFERENCES public.services(service_id) ON DELETE CASCADE;


--
-- Name: django_admin_log django_admin_log_content_type_id_c4bce8eb_fk_django_co; Type: FK CONSTRAINT; Schema: public; Owner: postgres
--

ALTER TABLE ONLY public.django_admin_log
    ADD CONSTRAINT django_admin_log_content_type_id_c4bce8eb_fk_django_co FOREIGN KEY (content_type_id) REFERENCES public.django_content_type(id) DEFERRABLE INITIALLY DEFERRED;


--
-- Name: django_admin_log django_admin_log_user_id_c564eba6_fk_auth_user_id; Type: FK CONSTRAINT; Schema: public; Owner: postgres
--

ALTER TABLE ONLY public.django_admin_log
    ADD CONSTRAINT django_admin_log_user_id_c564eba6_fk_auth_user_id FOREIGN KEY (user_id) REFERENCES public.auth_user(id) DEFERRABLE INITIALLY DEFERRED;


--
-- Name: inserts inserts_sku_customer_id_fkey; Type: FK CONSTRAINT; Schema: public; Owner: postgres
--

ALTER TABLE ONLY public.inserts
    ADD CONSTRAINT inserts_sku_customer_id_fkey FOREIGN KEY (sku, customer_id) REFERENCES public.products(sku, customer_id) ON DELETE CASCADE;


--
-- Name: orders orders_customer_id_fkey; Type: FK CONSTRAINT; Schema: public; Owner: postgres
--

ALTER TABLE ONLY public.orders
    ADD CONSTRAINT orders_customer_id_fkey FOREIGN KEY (customer_id) REFERENCES public.customers(customer_id) ON DELETE CASCADE;


--
-- Name: products products_customer_id_fkey; Type: FK CONSTRAINT; Schema: public; Owner: postgres
--

ALTER TABLE public.products
    ADD CONSTRAINT products_customer_id_fkey FOREIGN KEY (customer_id) REFERENCES public.customers(customer_id) ON DELETE CASCADE;


--
-- Name: service_logs service_logs_customer_id_fkey; Type: FK CONSTRAINT; Schema: public; Owner: postgres
--

ALTER TABLE ONLY public.service_logs
    ADD CONSTRAINT service_logs_customer_id_fkey FOREIGN KEY (customer_id) REFERENCES public.customers(customer_id) ON DELETE CASCADE;


--
-- Name: service_logs service_logs_service_id_fkey; Type: FK CONSTRAINT; Schema: public; Owner: postgres
--

ALTER TABLE ONLY public.service_logs
    ADD CONSTRAINT service_logs_service_id_fkey FOREIGN KEY (service_id) REFERENCES public.services(service_id) ON DELETE CASCADE;


--
-- Name: service_logs service_logs_sku_customer_id_fkey; Type: FK CONSTRAINT; Schema: public; Owner: postgres
--

ALTER TABLE ONLY public.service_logs
    ADD CONSTRAINT service_logs_sku_customer_id_fkey FOREIGN KEY (sku, customer_id) REFERENCES public.products(sku, customer_id) ON DELETE CASCADE;


--
-- Name: SCHEMA public; Type: ACL; Schema: -; Owner: postgres
--

REVOKE USAGE ON SCHEMA public FROM PUBLIC;


--
-- PostgreSQL database dump complete
--

